item_id,name,category,price,old_price,sellable_online,link,other_colors,short_description,designer,depth,height,width
79265945,HAVSTA,"Sideboards, buffets & console tables",1950,No old price,TRUE,https://www.ikea.com/sa/en/p/havsta-storage-combination-w-glass-doors-white-s79265945/,Yes,"        Storage combination w glass doors,          162x37x134 cm",IKEA of Sweden,37,134,162
10265293,BILLY,Bookcases & shelving units,30,No old price,TRUE,https://www.ikea.com/sa/en/p/billy-extra-shelf-white-10265293/,Yes,"        Extra shelf,          36x26 cm",IKEA of Sweden,26,,36
60246080,JANINGE,Chairs,180,SR 225,TRUE,https://www.ikea.com/sa/en/p/janinge-chair-yellow-60246080/,No,        Chair,John/Jonas/Petrus/Paul/Caroline,46,76,50
20334314,BILLSBRO,Cabinets & cupboards,15,No old price,TRUE,https://www.ikea.com/sa/en/p/billsbro-handle-white-20334314/,No,"        Handle,          40 mm",H Preutz/A Fredriksson,,,
50282177,LACK,Bookcases & shelving units,19,No old price,TRUE,https://www.ikea.com/sa/en/p/lack-wall-shelf-white-50282177/,Yes,"        Wall shelf,          30x26 cm",IKEA of Sweden,26,5,
80035920,FÖRHÖJA,Trolleys,645,No old price,TRUE,https://www.ikea.com/sa/en/p/foerhoeja-kitchen-trolley-birch-80035920/,No,"        Kitchen trolley,          100x43 cm",Nike Karlsson,,90,43
89283005,BROR,Bookcases & shelving units,670,No old price,TRUE,https://www.ikea.com/sa/en/p/bror-shelving-unit-with-cabinets-black-s89283005/,No,"        Shelving unit with cabinets,          85x40x110 cm",IKEA of Sweden,40,110,85
29297294,MELLTORP / NILSOVE,Tables & desks,889,SR 915,TRUE,https://www.ikea.com/sa/en/p/melltorp-nilsove-table-and-2-chairs-white-rattan-white-s29297294/,No,"        Table and 2 chairs,          75x75 cm",Lisa Norinder/A Fredriksson/J Hultqvist/W Chong,,,75
40266682,BOSNÄS,Sofas & armchairs,95,No old price,TRUE,https://www.ikea.com/sa/en/p/bosnaes-footstool-with-storage-ransta-black-40266682/,Yes,        Footstool with storage,IKEA of Sweden,,36,36
60293566,STUBBARP,Cabinets & cupboards,35,No old price,TRUE,https://www.ikea.com/sa/en/p/stubbarp-leg-black-brown-60293566/,Yes,        Leg,IKEA of Sweden,44,100,44
80362974,SLÄKT,Tables & desks,295,No old price,TRUE,https://www.ikea.com/sa/en/p/slaekt-storage-box-with-castors-80362974/,No,"        Storage box with castors,          62x62x35 cm",Ebba Strandmark,53,35,62
19306185,JONAXEL,Chests of drawers & drawer units,160,No old price,TRUE,https://www.ikea.com/sa/en/p/jonaxel-frame-with-mesh-baskets-castors-s19306185/,No,"        Frame with mesh baskets/castors,          25x51x73 cm",IKEA of Sweden,51,73,25
20045205,SNIGLAR,Tables & desks,145,No old price,TRUE,https://www.ikea.com/sa/en/p/sniglar-changing-table-beech-white-20045205/,No,"        Changing table,          72x53 cm",IKEA of Sweden,,87,53
19385677,PAX,Wardrobes,2505,No old price,TRUE,https://www.ikea.com/sa/en/p/pax-wardrobe-combination-white-s19385677/,Yes,"        Wardrobe combination,          150x58x236 cm",Ehlén Johansson/Ola Wihlborg/IKEA of Sweden,58,236,150
10135659,MARIUS,Chairs,25,No old price,TRUE,https://www.ikea.com/sa/en/p/marius-stool-black-10135659/,No,        Stool,Ola Wihlborg,,,40
40391718,FRÖSÖN,Outdoor furniture,65,No old price,TRUE,https://www.ikea.com/sa/en/p/froesoen-cover-for-seat-cushion-outdoor-dark-grey-40391718/,Yes,"        Cover for seat cushion,          62x62 cm",Eva Lilja Löwenhielm,62,,62
80336466,KROKHOLMEN,Outdoor furniture,175,No old price,TRUE,https://www.ikea.com/sa/en/p/krokholmen-coffee-table-outdoor-beige-80336466/,No,"        Coffee table, outdoor",Marcus Arvonen,,44,
80308699,TROFAST,Nursery furniture,55,No old price,TRUE,https://www.ikea.com/sa/en/p/trofast-shelf-light-white-stained-pine-pine-80308699/,No,"        Shelf,          30 cm",Studio Copenhagen,,,30
80336433,GUBBARP,TV & media furniture,3,No old price,TRUE,https://www.ikea.com/sa/en/p/gubbarp-knob-white-80336433/,Yes,"        Knob,          21 mm",H Preutz/A Fredriksson,27,,
59829111,POÄNG,Sofas & armchairs,375,No old price,TRUE,https://www.ikea.com/sa/en/p/poaeng-footstool-birch-veneer-robust-glose-dark-brown-s59829111/,Yes,        Footstool,Noboru Nakamura,54,39,68
89305173,NORDVIKEN / NORRARYD,Tables & desks,2535,"SR 2,795",TRUE,https://www.ikea.com/sa/en/p/nordviken-norraryd-table-and-4-chairs-white-black-s89305173/,No,"        Table and 4 chairs,          152/223x95 cm",Nike Karlsson/Francis Cayouette,,,95
50165079,BLÅMES,Chairs,375,No old price,TRUE,https://www.ikea.com/sa/en/p/blames-highchair-with-tray-black-50165079/,No,        Highchair with tray,Tina Christensen,53,93,52
385314,SANDARED,Sofas & armchairs,245,No old price,TRUE,https://www.ikea.com/sa/en/p/sandared-pouffe-beige-00385314/,No,"        Pouffe,          45 cm",Synnöve Mork,,33,
79129986,GJÖRA,Beds,1640,No old price,TRUE,https://www.ikea.com/sa/en/p/gjoera-bed-frame-birch-leirsund-s79129986/,Yes,"        Bed frame,          140x200 cm",Monika Mulder/IKEA of Sweden,,,154
20396260,GRÖNLID,Sofas & armchairs,170,No old price,TRUE,https://www.ikea.com/sa/en/p/groenlid-cover-for-corner-section-inseros-white-20396260/,Yes,        Cover for corner section,Francis Cayouette,,,
50411990,GLADOM,Tables & desks,59,No old price,TRUE,https://www.ikea.com/sa/en/p/gladom-tray-table-black-50411990/,Yes,"        Tray table,          45x53 cm",Chenyi Ke,,53,
60347507,ENERYDA,TV & media furniture,35,No old price,TRUE,https://www.ikea.com/sa/en/p/eneryda-knob-brass-colour-60347507/,Yes,"        Knob,          35 mm",Francis Cayouette,,,
30135658,GLENN,Bar furniture,445,No old price,TRUE,https://www.ikea.com/sa/en/p/glenn-bar-stool-white-chrome-plated-30135658/,Yes,"        Bar stool,          77 cm",Marcus Arvonen,52,100,50
70370352,MOSSARYD,Cabinets & cupboards,29,No old price,TRUE,https://www.ikea.com/sa/en/p/mossaryd-drop-handle-stainless-steel-colour-70370352/,No,"        Drop handle,          49 mm",Francis Cayouette,18,,
50419972,JONAXEL,Bookcases & shelving units,175,No old price,TRUE,https://www.ikea.com/sa/en/p/jonaxel-shelving-unit-white-50419972/,No,"        Shelving unit,          80x38x160 cm",IKEA of Sweden,38,160,80
89227873,PAX,Wardrobes,1499,No old price,TRUE,https://www.ikea.com/sa/en/p/pax-wardrobe-white-s89227873/,Yes,"        Wardrobe,          150x58x201 cm",Ehlén Johansson/IKEA of Sweden,58,201,150
70367444,SONGESAND,Tables & desks,155,No old price,TRUE,https://www.ikea.com/sa/en/p/songesand-bedside-table-brown-70367444/,No,"        Bedside table,          42x40 cm",IKEA of Sweden,40,55,42
79286896,BEKANT,Cabinets & cupboards,1200,No old price,TRUE,https://www.ikea.com/sa/en/p/bekant-storage-unit-with-smart-lock-mesh-black-s79286896/,Yes,"        Storage unit with smart lock,          41x101 cm",IKEA of Sweden/Eva Lilja Löwenhielm,45,101,41
340759,EKEDALEN,Tables & desks,995,No old price,TRUE,https://www.ikea.com/sa/en/p/ekedalen-bar-table-white-00340759/,No,"        Bar table,          120x80 cm",Ehlén Johansson,,105,80
30446373,SLATTUM,Beds,595,No old price,TRUE,https://www.ikea.com/sa/en/p/slattum-upholstered-bed-frame-knisa-light-grey-30446373/,Yes,"        Upholstered bed frame,          140x200 cm",David Wahl,,,144
79288032,MÖRBYLÅNGA / TOSSBERG,Tables & desks,5465,No old price,TRUE,https://www.ikea.com/sa/en/p/moerbylanga-tossberg-table-and-6-armchairs-oak-veneer-brown-stained-metal-grey-s79288032/,No,"        Table and 6 armchairs,          220x100 cm",S Lanneskog/J Marnell/IKEA of Sweden,,,100
324561,TOSTERÖ,Outdoor furniture,79,No old price,TRUE,https://www.ikea.com/sa/en/p/tosteroe-parasol-cover-black-00324561/,No,"        Parasol cover,          220 cm",IKEA of Sweden,,,
79248319,IVAR,Bookcases & shelving units,440,No old price,TRUE,https://www.ikea.com/sa/en/p/ivar-2-sections-shelves-pine-s79248319/,No,"        2 sections/shelves,          134x30x179 cm",IKEA of Sweden,30,179,134
20305707,BUSUNGE,Wardrobes,645,No old price,TRUE,https://www.ikea.com/sa/en/p/busunge-wardrobe-white-20305707/,No,"        Wardrobe,          80x139 cm",Carl Öjerstam,52,139,80
60248418,FÖRSIKTIG,Children's furniture,15,No old price,TRUE,https://www.ikea.com/sa/en/p/foersiktig-childrens-stool-white-green-60248418/,No,        Children's stool,K Hagberg/M Hagberg,24,13,37
428974,NORRÅKER,Chairs,145,No old price,TRUE,https://www.ikea.com/sa/en/p/norraker-stool-birch-00428974/,No,"        Stool,          45 cm",J Karlsson/N Karlsson,29,45,45
39279567,EKEDALEN / EKEDALEN,Chairs,2345,No old price,TRUE,https://www.ikea.com/sa/en/p/ekedalen-ekedalen-table-and-6-chairs-dark-brown-orrsta-light-grey-s39279567/,No,"        Table and 6 chairs,          180/240 cm",Ehlén Johansson,,,
9265920,HAVSTA,Cabinets & cupboards,2980,No old price,TRUE,https://www.ikea.com/sa/en/p/havsta-storage-combination-w-glass-doors-dark-brown-s09265920/,Yes,"        Storage combination w glass doors,          203x47x212 cm",IKEA of Sweden,47,212,203
80214549,MALM,Chests of drawers & drawer units,165,No old price,TRUE,https://www.ikea.com/sa/en/p/malm-chest-of-2-drawers-white-80214549/,Yes,"        Chest of 2 drawers,          40x55 cm",IKEA of Sweden,48,55,40
397736,NORRARYD,Café furniture,395,No old price,TRUE,https://www.ikea.com/sa/en/p/norraryd-bar-stool-with-backrest-black-00397736/,No,"        Bar stool with backrest,          74 cm",Nike Karlsson,47,103,46
9294526,VITTSJÖ,Bookcases & shelving units,490,No old price,TRUE,https://www.ikea.com/sa/en/p/vittsjoe-storage-combination-black-brown-glass-s09294526/,No,"        Storage combination,          200x36x93 cm",Johan Kroon,36,93,200
49277247,PLATSA,Chests of drawers & drawer units,456,SR 570,TRUE,https://www.ikea.com/sa/en/p/platsa-chest-of-3-drawers-white-fonnes-white-s49277247/,No,"        Chest of 3 drawers,          60x57x73 cm",Ola Wihlborg/IKEA of Sweden,57,73,60
19221351,EKEDALEN / EKEDALEN,Tables & desks,2345,No old price,TRUE,https://www.ikea.com/sa/en/p/ekedalen-ekedalen-table-and-6-chairs-white-orrsta-light-grey-s19221351/,No,"        Table and 6 chairs,          180/240 cm",Ehlén Johansson,,,
40076093,ANTILOP,Nursery furniture,25,No old price,TRUE,https://www.ikea.com/sa/en/p/antilop-highchair-tray-white-40076093/,No,        Highchair tray,IKEA of Sweden,,,42
69161482,IKEA PS 2012 / JANINGE,Chairs,1795,No old price,TRUE,https://www.ikea.com/sa/en/p/ikea-ps-2012-janinge-table-and-4-chairs-bamboo-white-s69161482/,No,"        Table and 4 chairs,          138 cm",Jon Karlsson/John/Jonas/Petrus/Paul/Caroline,,74,80
69305174,NORDVIKEN / NORRARYD,Chairs,2535,"SR 2,795",TRUE,https://www.ikea.com/sa/en/p/nordviken-norraryd-table-and-4-chairs-white-black-s69305174/,No,"        Table and 4 chairs,          152/223x95 cm",Francis Cayouette/Nike Karlsson,,,95
39218512,PAX,Wardrobes,1410,No old price,TRUE,https://www.ikea.com/sa/en/p/pax-corner-wardrobe-white-grimo-white-s39218512/,No,"        Corner wardrobe,          111/111x236 cm",IKEA of Sweden/Ehlén Johansson/Ola Wihlborg,,236,110
70418170,PRÄSTHOLM,Outdoor furniture,695,No old price,TRUE,https://www.ikea.com/sa/en/p/praestholm-bench-with-backrest-outdoor-grey-70418170/,No,"        Bench with backrest, outdoor",Ola Wihlborg,52,79,113
40423578,VEDBO,Chairs,975,No old price,TRUE,https://www.ikea.com/sa/en/p/vedbo-armchair-gunnared-light-brown-pink-40423578/,Yes,        Armchair,Francis Cayouette,65,75,73
70455412,KORNSJÖ,Tables & desks,195,No old price,TRUE,https://www.ikea.com/sa/en/p/kornsjoe-side-table-black-70455412/,No,"        Side table,          50x35 cm",Ebba Strandmark,35,63,50
89297663,JONAXEL,Bookcases & shelving units,670,SR 671,TRUE,https://www.ikea.com/sa/en/p/jonaxel-frame-w-bskts-clths-rl-shlv-uts-s89297663/,No,"        Frame/w bskts/clths rl/shlv uts,          173x51x173 cm",IKEA of Sweden,51,173,173
10421665,NORDMELA,Chests of drawers & drawer units,636,SR 795,TRUE,https://www.ikea.com/sa/en/p/nordmela-chest-of-4-drawers-black-blue-10421665/,No,"        Chest of 4 drawers,          159x50 cm",Ola Wihlborg,44,50,159
75305709,RAST,Chests of drawers & drawer units,139,No old price,TRUE,https://www.ikea.com/sa/en/p/rast-chest-of-3-drawers-pine-75305709/,No,"        Chest of 3 drawers,          62x70 cm",IKEA of Sweden,30,70,62
80411272,VITVAL,Beds,1295,No old price,TRUE,https://www.ikea.com/sa/en/p/vitval-bunk-bed-frame-white-light-grey-80411272/,No,"        Bunk bed frame,          90x200 cm",IKEA of Sweden,,162,97
90184047,MARIUS,Chairs,25,No old price,TRUE,https://www.ikea.com/sa/en/p/marius-stool-white-90184047/,No,        Stool,Ola Wihlborg,,,40
89297229,NORRÅKER / RÖNNINGE,Chairs,1976,"SR 2,125",TRUE,https://www.ikea.com/sa/en/p/norraker-roenninge-table-and-4-chairs-birch-birch-s89297229/,No,"        Table and 4 chairs,          125x74 cm",J Karlsson/N Karlsson/Maja Ganszyniec,,,74
80089239,TROFAST,Children's furniture,10,No old price,TRUE,https://www.ikea.com/sa/en/p/trofast-storage-box-white-80089239/,No,"        Storage box,          42x30x10 cm",Studio Copenhagen,,10,30
10357004,KALLRÖR,Cabinets & cupboards,35,No old price,TRUE,https://www.ikea.com/sa/en/p/kallroer-handle-stainless-steel-10357004/,No,"        Handle,          405 mm",IKEA of Sweden,38,,
49061228,BESTÅ,Bookcases & shelving units,510,No old price,TRUE,https://www.ikea.com/sa/en/p/besta-tv-bench-black-brown-s49061228/,Yes,"        TV bench,          120x40x48 cm",IKEA of Sweden,40,48,120
60265163,BOLMEN,Children's furniture,22,No old price,TRUE,https://www.ikea.com/sa/en/p/bolmen-step-stool-white-60265163/,Yes,        Step stool,K Hagberg/M Hagberg,35,,44
49276549,NORDLI,Chests of drawers & drawer units,620,SR 775,TRUE,https://www.ikea.com/sa/en/p/nordli-chest-of-2-drawers-white-s49276549/,Yes,"        Chest of 2 drawers,          40x99 cm",Ola Wihlborg,47,99,40
29239497,NORDLI,Chests of drawers & drawer units,920,"SR 1,150",TRUE,https://www.ikea.com/sa/en/p/nordli-chest-of-6-drawers-white-s29239497/,No,"        Chest of 6 drawers,          120x54 cm",Ola Wihlborg,47,54,120
59297438,JONAXEL,Bookcases & shelving units,140,No old price,TRUE,https://www.ikea.com/sa/en/p/jonaxel-frame-with-wire-baskets-castors-s59297438/,No,"        Frame with wire baskets/castors,          25x51x73 cm",IKEA of Sweden,51,73,25
80404672,VOLFGANG,Chairs,375,No old price,TRUE,https://www.ikea.com/sa/en/p/volfgang-chair-chrome-plated-gunnared-medium-grey-80404672/,No,        Chair,"804.046.72 You sit comfortably thanks to the restful flexibility of the seat.You sit comfortably thanks to the padded seat.This chair has been tested for home use and meets the requirements for durability and safety, set forth in the following standards: EN 12520 and EN 1022.",53,90,50
90399284,RIMFORSA,Trolleys,1995,No old price,TRUE,https://www.ikea.com/sa/en/p/rimforsa-work-bench-stainless-steel-bamboo-90399284/,No,"        Work bench,          120x63.5x92 cm",Ehlén Johansson,,92,63
49228474,FANBYN,Chairs,275,No old price,TRUE,https://www.ikea.com/sa/en/p/fanbyn-chair-s49228474/,No,        Chair,492.284.74 Suitable for both indoor and outdoor use.You sit comfortably thanks to the chair's shaped back and seat.,,,
20400691,BRIMNES,Beds,575,No old price,TRUE,https://www.ikea.com/sa/en/p/brimnes-bed-frame-with-storage-white-20400691/,No,"        Bed frame with storage,          90x200 cm",K Hagberg/M Hagberg,54,47,96
60428990,NORRÅKER,Chairs,295,No old price,TRUE,https://www.ikea.com/sa/en/p/norraker-bench-birch-60428990/,No,"        Bench,          103 cm",J Karlsson/N Karlsson,,45,29
10362963,SLÄKT,Beds,425,No old price,TRUE,https://www.ikea.com/sa/en/p/slaekt-pouffe-mattress-foldable-10362963/,No,"        Pouffe/mattress, foldable",Gustav Carlberg,,,62
50334317,BILLSBRO,Bookcases & shelving units,45,No old price,TRUE,https://www.ikea.com/sa/en/p/billsbro-handle-white-50334317/,Yes,"        Handle,          520 mm",H Preutz/A Fredriksson,,,
338412,BAGGANÄS,Bookcases & shelving units,27,No old price,TRUE,https://www.ikea.com/sa/en/p/bagganaes-knob-brass-colour-00338412/,Yes,"        Knob,          21 mm",H Preutz/A Fredriksson,24,,21
50295472,RÅDVIKEN,Chairs,675,No old price,TRUE,https://www.ikea.com/sa/en/p/radviken-armchair-dark-brown-black-50295472/,No,        Armchair,Andreas Fredriksson,73,82,79
40033763,IVAR,Bookcases & shelving units,295,No old price,TRUE,https://www.ikea.com/sa/en/p/ivar-cabinet-pine-40033763/,No,"        Cabinet,          80x30x83 cm",IKEA of Sweden,30,83,80
50263838,BILLY,Bookcases & shelving units,145,No old price,TRUE,https://www.ikea.com/sa/en/p/billy-bookcase-white-50263838/,Yes,"        Bookcase,          40x28x202 cm","502.638.38 Shallow shelves help you to use small wall spaces effectively by accommodating small items in a minimum of space.Adjustable shelves; adapt space between shelves according to your needs.A simple unit can be enough storage for a limited space or the foundation for a larger storage solution if your needs change.This furniture must be fixed to the wall with the enclosed wall fastener.Different wall materials require different types of fixing devices. Use fixing devices suitable for the walls in your home, sold separately.Min. ceiling height required: 205 cm.1 fixed shelf and 4 adjustable shelves included.May be completed with BILLY corner fitting to form a stable corner unit.May be completed with BILLY height extension unit in the same width for added storage vertically.May be completed with doors; available in different colours and designs.",28,202,40
90325518,KULLABERG,Chairs,220,SR 275,TRUE,https://www.ikea.com/sa/en/p/kullaberg-swivel-chair-black-90325518/,No,        Swivel chair,Sarah Fager,58,,58
69221438,EKEDALEN / ODGER,Chairs,1975,No old price,TRUE,https://www.ikea.com/sa/en/p/ekedalen-odger-table-and-4-chairs-brown-white-beige-s69221438/,No,"        Table and 4 chairs,          120/180 cm",Ehlén Johansson/J Löfgren/J Pettersson,,,
20387939,HOLMSUND,Sofas & armchairs,550,No old price,TRUE,https://www.ikea.com/sa/en/p/holmsund-cover-for-corner-sofa-bed-orrsta-light-white-grey-20387939/,Yes,        Cover for corner sofa-bed,K Hagberg/M Hagberg,,,
10297656,LISABO,Tables & desks,295,No old price,TRUE,https://www.ikea.com/sa/en/p/lisabo-side-table-ash-veneer-10297656/,No,"        Side table,          45x45 cm",K Hagberg/M Hagberg,,45,45
69898415,TÄRNÖ,Outdoor furniture,199,No old price,TRUE,https://www.ikea.com/sa/en/p/taernoe-table-2-chairs-outdoor-black-acacia-grey-brown-stained-steel-light-brown-stained-s69898415/,Yes,"        Table+2 chairs, outdoor",IKEA of Sweden,,,
359739,ROTHULT,Cabinets & cupboards,95,No old price,TRUE,https://www.ikea.com/sa/en/p/rothult-smart-lock-white-00359739/,No,        Smart lock,IKEA of Sweden,,7,3
10245846,BESTÅ,Bookcases & shelving units,225,No old price,TRUE,https://www.ikea.com/sa/en/p/besta-frame-white-10245846/,Yes,"        Frame,          120x40x64 cm",IKEA of Sweden,40,64,120
90294989,SKUBB,Bookcases & shelving units,49,No old price,TRUE,https://www.ikea.com/sa/en/p/skubb-storage-case-white-90294989/,No,"        Storage case,          69x55x19 cm",IKEA of Sweden,55,19,69
248567,SUNDVIK,Beds,695,No old price,TRUE,https://www.ikea.com/sa/en/p/sundvik-cot-white-00248567/,No,"        Cot,          60x120 cm",IKEA of Sweden,,85,67
152282,INGOLF,Chairs,175,No old price,TRUE,https://www.ikea.com/sa/en/p/ingolf-stool-white-00152282/,Yes,        Stool,Carina Bengs,30,45,39
50334303,BILLSBRO,TV & media furniture,25,No old price,TRUE,https://www.ikea.com/sa/en/p/billsbro-handle-white-50334303/,No,"        Handle,          120 mm",H Preutz/A Fredriksson,,,
30213076,MICKE,Tables & desks,175,No old price,TRUE,https://www.ikea.com/sa/en/p/micke-desk-white-30213076/,Yes,"        Desk,          73x50 cm",Henrik Preutz,50,75,73
19221450,EKEDALEN / EKEDALEN,Tables & desks,2345,No old price,TRUE,https://www.ikea.com/sa/en/p/ekedalen-ekedalen-table-and-6-chairs-brown-orrsta-light-grey-s19221450/,No,"        Table and 6 chairs,          180/240 cm",Ehlén Johansson,,,
60333850,BROR,Bookcases & shelving units,495,No old price,TRUE,https://www.ikea.com/sa/en/p/bror-trolley-black-pine-plywood-60333850/,No,"        Trolley,          85x55 cm",IKEA of Sweden,,88,55
50363729,HÄLLAN,Cabinets & cupboards,275,No old price,TRUE,https://www.ikea.com/sa/en/p/haellan-cabinet-white-50363729/,No,"        Cabinet,          45x50 cm",Jon Karlsson,47,50,45
50434307,LUBBAN,Tables & desks,275,No old price,TRUE,https://www.ikea.com/sa/en/p/lubban-trolley-table-with-storage-rattan-anthracite-50434307/,No,        Trolley table with storage,A Fredriksson/J Hultqvist/W Chong,,66,50
80102066,LYCKSELE MURBO,Sofas & armchairs,695,No old price,TRUE,https://www.ikea.com/sa/en/p/lycksele-murbo-mattress-80102066/,No,"        Mattress,          140x188 cm",IKEA of Sweden,,,
29239505,NORDLI,Chests of drawers & drawer units,1540,"SR 1,925",TRUE,https://www.ikea.com/sa/en/p/nordli-chest-of-8-drawers-white-s29239505/,Yes,"        Chest of 8 drawers,          160x99 cm",Ola Wihlborg,47,99,160
39261874,LÅNGFJÄLL,Chairs,795,No old price,TRUE,https://www.ikea.com/sa/en/p/langfjaell-office-chair-with-armrests-gunnared-light-brown-pink-black-s39261874/,Yes,        Office chair with armrests,Eva Lilja Löwenhielm,68,,68
30318163,IVAR,Bookcases & shelving units,35,No old price,TRUE,https://www.ikea.com/sa/en/p/ivar-shelf-pine-30318163/,No,"        Shelf,          83x30 cm",IKEA of Sweden,30,,83
430019,HEMNES,Chests of drawers & drawer units,70,No old price,TRUE,https://www.ikea.com/sa/en/p/hemnes-glass-top-transparent-00430019/,Yes,"        Glass top,          54x38 cm",IKEA of Sweden,,,38
20278167,KALLAX,Bookcases & shelving units,50,No old price,TRUE,https://www.ikea.com/sa/en/p/kallax-insert-with-door-white-20278167/,Yes,"        Insert with door,          33x33 cm",Tord Björklund,37,33,33
60102067,LYCKSELE HÅVET,Beds,795,No old price,TRUE,https://www.ikea.com/sa/en/p/lycksele-havet-mattress-60102067/,No,"        Mattress,          140x188 cm",IKEA of Sweden,,,
30428982,NORRÅKER,Café furniture,596,SR 745,TRUE,https://www.ikea.com/sa/en/p/norraker-table-birch-30428982/,No,"        Table,          125x74 cm",J Karlsson/N Karlsson,,74,74
40466285,TROFAST,Children's furniture,10,No old price,FALSE,https://www.ikea.com/sa/en/p/trofast-storage-box-green-40466285/,No,"        Storage box,          42x30x10 cm",404.662.85 Fits in TROFAST frames.Can be stacked when completed with a lid.May be completed with TROFAST lid.,30,10,42
69253108,FRÖSÖN/DUVHOLMEN,Outdoor furniture,88,No old price,TRUE,https://www.ikea.com/sa/en/p/froesoen-duvholmen-back-cushion-outdoor-dark-grey-s69253108/,Yes,"        Back cushion, outdoor,          62x44 cm",Eva Lilja Löwenhielm/IKEA of Sweden,,,62
10385950,KOPPANG,Chests of drawers & drawer units,395,No old price,TRUE,https://www.ikea.com/sa/en/p/koppang-chest-of-3-drawers-white-10385950/,No,"        Chest of 3 drawers,          90x83 cm",K Hagberg/M Hagberg,46,83,90
471222,VESKEN,Trolleys,39,No old price,FALSE,https://www.ikea.com/sa/en/p/vesken-trolley-white-00471222/,Yes,"        Trolley,          54x18x71 cm",David Wahl,18,71,54
40309573,STUK,Bookcases & shelving units,35,No old price,TRUE,https://www.ikea.com/sa/en/p/stuk-storage-case-white-grey-40309573/,No,"        Storage case,          55x51x18 cm",IKEA of Sweden,51,18,55
10091453,TROFAST,Children's furniture,275,No old price,TRUE,https://www.ikea.com/sa/en/p/trofast-frame-white-10091453/,No,"        Frame,          99x44x94 cm",Studio Copenhagen,44,94,99
29297294,MELLTORP / NILSOVE,Chairs,889,SR 915,TRUE,https://www.ikea.com/sa/en/p/melltorp-nilsove-table-and-2-chairs-white-rattan-white-s29297294/,No,"        Table and 2 chairs,          75x75 cm",Lisa Norinder/A Fredriksson/J Hultqvist/W Chong,,,75
19277036,MÖCKELBY / FANBYN,Tables & desks,4145,No old price,TRUE,https://www.ikea.com/sa/en/p/moeckelby-fanbyn-table-and-6-chairs-oak-white-s19277036/,No,"        Table and 6 chairs,          235x100 cm",Marcus Arvonen,,74,100
30381183,KNARREVIK,Tables & desks,39,No old price,TRUE,https://www.ikea.com/sa/en/p/knarrevik-bedside-table-black-30381183/,No,"        Bedside table,          37x28 cm",IKEA of Sweden,28,45,37
59297141,JONAXEL,Chests of drawers & drawer units,135,SR 138,TRUE,https://www.ikea.com/sa/en/p/jonaxel-frame-with-mesh-baskets-s59297141/,No,"        Frame with mesh baskets,          25x51x70 cm",IKEA of Sweden,51,70,25
10364523,KALLVIKEN,Bookcases & shelving units,170,No old price,TRUE,https://www.ikea.com/sa/en/p/kallviken-door-dark-grey-concrete-effect-10364523/,No,"        Door,          60x64 cm",IKEA of Sweden,,64,60
60431563,FRIHETEN,Sofas & armchairs,1845,No old price,TRUE,https://www.ikea.com/sa/en/p/friheten-3-seat-sofa-bed-skiftebo-blue-60431563/,Yes,        3-seat sofa-bed,IKEA of Sweden,105,83,225
90217972,ADILS,Tables & desks,15,No old price,TRUE,https://www.ikea.com/sa/en/p/adils-leg-white-90217972/,Yes,        Leg,902.179.72 Adjustable feet make the table stand steady also on uneven floors.Screws for fixing the legs to the table top are included.Suitable for table tops with a minimum thickness of 25 mm.,,70,
441758,KLEPPSTAD,Wardrobes,449,No old price,TRUE,https://www.ikea.com/sa/en/p/kleppstad-wardrobe-with-3-doors-white-00441758/,No,"        Wardrobe with 3 doors,          117x176 cm",IKEA of Sweden,55,176,117
99291646,KOLBJÖRN,Bookcases & shelving units,450,No old price,TRUE,https://www.ikea.com/sa/en/p/kolbjoern-shelving-unit-in-outdoor-s99291646/,No,"        Shelving unit in/outdoor,          80x35x162 cm",IKEA of Sweden,35,162,80
30428901,EKET,Cabinets & cupboards,45,No old price,TRUE,https://www.ikea.com/sa/en/p/eket-glass-door-clear-glass-30428901/,No,"        Glass door,          32x32 cm",304.289.01 Transforms a single open cube in the EKET series into a display case.Protects the things you love and minimises the need to dust.Tempered glass is more impact resistant than ordinary glass and the surface is easy to clean.Handle with care! A damaged edge or scratched surface can cause the glass to suddenly crack or break. Avoid bumps from the side - this is where the glass is most vulnerable.,,32,32
70253541,AGAM,Children's furniture,195,No old price,TRUE,https://www.ikea.com/sa/en/p/agam-junior-chair-black-70253541/,No,        Junior chair,IKEA of Sweden,43,79,41
20292328,TOSTERÖ,Outdoor furniture,103,No old price,TRUE,https://www.ikea.com/sa/en/p/tosteroe-storage-bag-for-cushions-black-20292328/,No,"        Storage bag for cushions,          116x49 cm",IKEA of Sweden,,35,49
90175000,JUSTINA,Chairs,19,No old price,TRUE,https://www.ikea.com/sa/en/p/justina-chair-pad-natural-90175000/,No,"        Chair pad,          35/42x40x4.0 cm",IKEA of Sweden,40,,
90214308,MICKE,Tables & desks,395,No old price,TRUE,https://www.ikea.com/sa/en/p/micke-desk-white-90214308/,Yes,"        Desk,          142x50 cm",Henrik Preutz,50,75,142
99278225,BRIMNES,TV & media furniture,1265,No old price,TRUE,https://www.ikea.com/sa/en/p/brimnes-tv-storage-combination-glass-doors-white-s99278225/,Yes,"        TV storage combination/glass doors,          276x41x95 cm",K Hagberg/M Hagberg,41,95,276
70323600,BILLSBRO,Cabinets & cupboards,19,No old price,TRUE,https://www.ikea.com/sa/en/p/billsbro-handle-stainless-steel-colour-70323600/,No,"        Handle,          120 mm",H Preutz/A Fredriksson,,,
49123405,TROFAST,Children's furniture,350,No old price,TRUE,https://www.ikea.com/sa/en/p/trofast-storage-combination-white-white-s49123405/,No,"        Storage combination,          99x44x56 cm",Studio Copenhagen,44,56,99
60155602,DALFRED,Bar furniture,195,No old price,TRUE,https://www.ikea.com/sa/en/p/dalfred-bar-stool-black-60155602/,No,"        Bar stool,          63-74 cm",Sarah Fager,50,,50
80308699,TROFAST,Children's furniture,55,No old price,TRUE,https://www.ikea.com/sa/en/p/trofast-shelf-light-white-stained-pine-pine-80308699/,No,"        Shelf,          30 cm",Studio Copenhagen,,,30
60322130,KULLEN,Chests of drawers & drawer units,89,No old price,TRUE,https://www.ikea.com/sa/en/p/kullen-chest-of-2-drawers-black-brown-60322130/,No,"        Chest of 2 drawers,          35x49 cm",IKEA of Sweden,40,49,35
9288224,STENSELE,Bar furniture,550,No old price,TRUE,https://www.ikea.com/sa/en/p/stensele-bar-table-anthracite-anthracite-s09288224/,No,"        Bar table,          70 cm",Maja Ganszyniec,,105,
10400540,EKEDALEN,Bar furniture,345,No old price,TRUE,https://www.ikea.com/sa/en/p/ekedalen-bar-stool-with-backrest-dark-brown-orrsta-light-grey-10400540/,No,"        Bar stool with backrest,          75 cm",Ehlén Johansson,52,114,43
30247378,BESTÅ,TV & media furniture,125,No old price,TRUE,https://www.ikea.com/sa/en/p/besta-frame-grey-stained-walnut-effect-30247378/,Yes,"        Frame,          60x40x38 cm",IKEA of Sweden,40,38,60
30425988,KALLVIKEN,Cabinets & cupboards,95,No old price,TRUE,https://www.ikea.com/sa/en/p/kallviken-drawer-front-dark-grey-concrete-effect-30425988/,No,"        Drawer front,          60x26 cm",IKEA of Sweden,,26,60
60416925,KYRRE,Chairs,60,SR 75,TRUE,https://www.ikea.com/sa/en/p/kyrre-stool-birch-60416925/,No,        Stool,C Styrbjörn/M Axelsson,48,45,42
80295300,BESTÅ,TV & media furniture,100,No old price,TRUE,https://www.ikea.com/sa/en/p/besta-top-panel-for-tv-glass-black-80295300/,Yes,"        Top panel for TV,          120x40 cm",IKEA of Sweden,40,,120
80089239,TROFAST,Nursery furniture,10,No old price,TRUE,https://www.ikea.com/sa/en/p/trofast-storage-box-white-80089239/,No,"        Storage box,          42x30x10 cm",Studio Copenhagen,,10,30
19175957,MALM,Beds,920,No old price,TRUE,https://www.ikea.com/sa/en/p/malm-bed-frame-high-w-2-storage-boxes-white-s19175957/,Yes,"        Bed frame, high, w 2 storage boxes,          180x200 cm",IKEA of Sweden/Eva Lilja Löwenhielm,59,15,196
50422494,GODISHUS,Nursery furniture,395,No old price,TRUE,https://www.ikea.com/sa/en/p/godishus-wardrobe-white-50422494/,No,"        Wardrobe,          60x51x178 cm","504.224.94 You can position the shelf and clothes rail in two different ways – clothes rail at the top and shelf down below, or both together at the top of the wardrobe.Deep enough to hold standard-sized adult hangers.With the included colourful stickers, you can quickly label the doors in your own personal way.You can also write with chalk on the sticker to keep track of where you have your things.WARNING! TIPPING HAZARD – Unanchored furniture can tip over. This furniture shall be anchored to the wall with the enclosed safety fitting to prevent it from tipping over.Different wall materials require different types of fixing devices. Use fixing devices suitable for the walls in your home, sold separately.",51,178,60
10373495,BEKANT,Tables & desks,1495,No old price,TRUE,https://www.ikea.com/sa/en/p/bekant-shelving-unit-black-10373495/,Yes,"        Shelving unit,          121x134 cm",Eva Lilja Löwenhielm,45,134,121
90091454,TROFAST,Children's furniture,30,No old price,TRUE,https://www.ikea.com/sa/en/p/trofast-shelf-white-90091454/,No,        Shelf,Studio Copenhagen,,,30
70366784,SONGESAND,Chests of drawers & drawer units,645,No old price,TRUE,https://www.ikea.com/sa/en/p/songesand-chest-of-6-drawers-brown-70366784/,No,"        Chest of 6 drawers,          82x126 cm",IKEA of Sweden,50,126,82
20273141,HISHULT,TV & media furniture,17,No old price,TRUE,https://www.ikea.com/sa/en/p/hishult-knob-porcelain-white-20273141/,Yes,"        Knob,          23 mm",K Hagberg/M Hagberg,24,,
10457999,BERGENES,Tables & desks,9,No old price,TRUE,https://www.ikea.com/sa/en/p/bergenes-holder-for-mobile-phone-tablet-bamboo-10457999/,No,        Holder for mobile phone/tablet,IKEA of Sweden,,,8
60289324,STOCKSUND,Sofas & armchairs,100,No old price,TRUE,https://www.ikea.com/sa/en/p/stocksund-legs-for-bench-light-brown-60289324/,No,        Legs for bench,Nike Karlsson,,18,
89221319,EKEDALEN / TOBIAS,Tables & desks,3065,No old price,TRUE,https://www.ikea.com/sa/en/p/ekedalen-tobias-table-and-6-chairs-dark-brown-blue-s89221319/,No,"        Table and 6 chairs,          180/240 cm",Carl Öjerstam/Ehlén Johansson,,,
393371,TORNVIKEN,Trolleys,995,No old price,TRUE,https://www.ikea.com/sa/en/p/tornviken-kitchen-island-off-white-oak-00393371/,No,"        Kitchen island,          72x52 cm",Ebba Strandmark,52,90,72
40299885,BESTÅ,Bookcases & shelving units,475,No old price,TRUE,https://www.ikea.com/sa/en/p/besta-tv-bench-black-brown-40299885/,Yes,"        TV bench,          120x40x64 cm","402.998.85 It’s easy to keep the cables from your TV and other devices out of sight but close at hand, as there are several cable outlets at the back of the TV bench.If you want to organise inside you can complement with BESTÅ interior fittings.Steady also on uneven floors, thanks to the adjustable feet.For safety reasons this TV bench shall not be hung on the wall.The TV bench must be fixed to the wall with the included wall fastener.This TV bench can take a max load of 50 kg on the top.Different wall materials require different types of fixing devices. Use fixing devices suitable for the walls in your home, sold separately.May be completed with STALLARP, STUBBARP or NANNARP legs. This TV bench requires 4 legs and 1 BESTÅ supporting leg.May be completed with SULARP legs. This TV bench requires 2 legs and 1 BESTÅ supporting leg.",40,64,120
9302913,PLATSA,Beds,1611,"SR 1,715",TRUE,https://www.ikea.com/sa/en/p/platsa-bed-frame-with-4-drawers-white-fonnes-s09302913/,No,"        Bed frame with 4 drawers,          142x244x43 cm",IKEA of Sweden,40,42,141
9278338,KALLAX,Room dividers,1350,No old price,TRUE,https://www.ikea.com/sa/en/p/kallax-shelving-unit-with-10-inserts-white-s09278338/,Yes,"        Shelving unit with 10 inserts,          182x182 cm",Tord Björklund/IKEA of Sweden,39,182,182
59270274,LANDSKRONA,Sofas & armchairs,1995,No old price,TRUE,https://www.ikea.com/sa/en/p/landskrona-2-seat-sofa-gunnared-dark-grey-metal-s59270274/,Yes,        2-seat sofa,IKEA of Sweden/Tord Björklund,89,78,164
40455649,BINGSTA,Chairs,595,No old price,TRUE,https://www.ikea.com/sa/en/p/bingsta-armchair-vissle-dark-yellow-kabusa-dark-yellow-40455649/,Yes,        Armchair,Elizabet Gutierrez,58,76,70
19189030,EKET,Bookcases & shelving units,656,No old price,TRUE,https://www.ikea.com/sa/en/p/eket-wall-mounted-cabinet-combination-white-s19189030/,Yes,"        Wall-mounted cabinet combination,          80x35x210 cm",IKEA of Sweden/Jon Karlsson,35,210,80
99234255,HEMNES,Cabinets & cupboards,2666,"SR 2,985",TRUE,https://www.ikea.com/sa/en/p/hemnes-storage-combination-w-doors-drawers-white-stained-clear-glass-s99234255/,Yes,"        Storage combination w doors/drawers,          188x197 cm",Carina Bengs,37,197,188
10407136,IKEA PS LÖMSK,Chairs,345,No old price,TRUE,https://www.ikea.com/sa/en/p/ikea-ps-loemsk-swivel-armchair-white-red-10407136/,No,        Swivel armchair,Monika Mulder,62,75,59
60365167,MAMMUT,Tables & desks,129,No old price,TRUE,https://www.ikea.com/sa/en/p/mammut-childrens-table-in-outdoor-red-60365167/,No,"        Children's table,          77x55 cm",M Kjelstrup/A Östgaard,,48,55
99017445,KALLAX,Bookcases & shelving units,350,No old price,TRUE,https://www.ikea.com/sa/en/p/kallax-shelving-unit-with-doors-black-brown-s99017445/,Yes,"        Shelving unit with doors,          77x147 cm",Tord Björklund,39,147,77
49221321,EKEDALEN / ODGER,Chairs,2765,No old price,TRUE,https://www.ikea.com/sa/en/p/ekedalen-odger-table-and-6-chairs-dark-brown-white-beige-s49221321/,No,"        Table and 6 chairs,          180/240 cm",Ehlén Johansson/J Löfgren/J Pettersson,,,
40363621,HÄLLAN,Cabinets & cupboards,325,No old price,TRUE,https://www.ikea.com/sa/en/p/haellan-cabinet-white-40363621/,No,"        Cabinet,          45x75 cm",Jon Karlsson,47,75,45
39307706,VEDBO / VEDBO,Tables & desks,5865,No old price,TRUE,https://www.ikea.com/sa/en/p/vedbo-vedbo-table-and-6-chairs-black-black-s39307706/,No,"        Table and 6 chairs,          240x105 cm",Francis Cayouette,,,105
50425987,KALLVIKEN,Cabinets & cupboards,135,No old price,TRUE,https://www.ikea.com/sa/en/p/kallviken-door-drawer-front-dark-grey-concrete-effect-50425987/,No,"        Door/drawer front,          60x38 cm",IKEA of Sweden,,38,60
228705,BRIMNES,Beds,1095,No old price,TRUE,https://www.ikea.com/sa/en/p/brimnes-day-bed-frame-with-2-drawers-white-00228705/,No,"        Day-bed frame with 2 drawers,          80x200 cm",K Hagberg/M Hagberg,53,21,86
39286153,ASKHOLMEN,Outdoor furniture,465,No old price,TRUE,https://www.ikea.com/sa/en/p/askholmen-table-2-chairs-outdoor-grey-brown-stained-kuddarna-beige-s39286153/,Yes,"        Table+2 chairs, outdoor",IKEA of Sweden,,,
89248371,IVAR,Bookcases & shelving units,1045,No old price,TRUE,https://www.ikea.com/sa/en/p/ivar-3-sections-shelves-pine-s89248371/,No,"        3 sections/shelves,          219x30x226 cm",IKEA of Sweden,30,226,219
40201916,STENSTORP,Trolleys,795,No old price,TRUE,https://www.ikea.com/sa/en/p/stenstorp-kitchen-trolley-white-oak-40201916/,No,"        Kitchen trolley,          45x43x90 cm",Carina Bengs,,90,43
60365167,MAMMUT,Outdoor furniture,129,No old price,TRUE,https://www.ikea.com/sa/en/p/mammut-childrens-table-in-outdoor-red-60365167/,No,"        Children's table,          77x55 cm",M Kjelstrup/A Östgaard,,48,55
19189030,EKET,Cabinets & cupboards,656,No old price,TRUE,https://www.ikea.com/sa/en/p/eket-wall-mounted-cabinet-combination-white-s19189030/,Yes,"        Wall-mounted cabinet combination,          80x35x210 cm",IKEA of Sweden/Jon Karlsson,35,210,80
70228325,RESÖ,Tables & desks,205,No old price,TRUE,https://www.ikea.com/sa/en/p/resoe-childrens-picnic-table-grey-brown-stained-grey-brown-70228325/,No,        Children's picnic table,IKEA of Sweden,,49,89
29285776,GALANT,Cabinets & cupboards,5290,No old price,TRUE,https://www.ikea.com/sa/en/p/galant-storage-combination-w-sliding-doors-white-stained-oak-veneer-s29285776/,Yes,"        Storage combination w sliding doors,          320x120 cm",K Malmvall/E Lilja Löwenhielm,45,120,320
80251513,GÅRÖ,Outdoor furniture,339,No old price,TRUE,https://www.ikea.com/sa/en/p/garoe-hammock-stand-outdoor-grey-80251513/,No,"        Hammock stand, outdoor",IKEA of Sweden,,129,119
60431563,FRIHETEN,Beds,1845,No old price,TRUE,https://www.ikea.com/sa/en/p/friheten-3-seat-sofa-bed-skiftebo-blue-60431563/,Yes,        3-seat sofa-bed,IKEA of Sweden,105,83,225
20013073,NORNA,Chairs,29,No old price,TRUE,https://www.ikea.com/sa/en/p/norna-chair-pad-laila-natural-20013073/,No,        Chair pad,200.130.73 The cushion can be turned over and therefore has two sides for even wear.Suitable for AGEN chair.,41,,42
60441779,ÖRFJÄLL,Chairs,195,No old price,TRUE,https://www.ikea.com/sa/en/p/oerfjaell-childrens-desk-chair-white-vissle-blue-green-60441779/,No,        Children's desk chair,S Holmbäck/U Nordentoft,53,,53
91415,TROFAST,Nursery furniture,5,No old price,TRUE,https://www.ikea.com/sa/en/p/trofast-lid-white-00091415/,No,"        Lid,          20x28 cm",Studio Copenhagen,,,28
60416138,LANEBERG,Tables & desks,695,No old price,TRUE,https://www.ikea.com/sa/en/p/laneberg-extendable-table-white-60416138/,No,"        Extendable table,          130/190x80 cm",K Hagberg/M Hagberg,,75,80
69248348,IVAR,Bookcases & shelving units,350,No old price,TRUE,https://www.ikea.com/sa/en/p/ivar-2-sections-shelves-pine-s69248348/,No,"        2 sections/shelves,          174x30x124 cm",IKEA of Sweden,30,124,174
90246291,INGATORP,Chairs,445,No old price,TRUE,https://www.ikea.com/sa/en/p/ingatorp-chair-with-armrests-white-nordvalla-beige-90246291/,Yes,        Chair with armrests,Ebba Strandmark,63,99,57
338407,BAGGANÄS,Bookcases & shelving units,35,No old price,TRUE,https://www.ikea.com/sa/en/p/bagganaes-handle-brass-colour-00338407/,Yes,"        Handle,          143 mm",H Preutz/A Fredriksson,31,,9
19276621,NORDLI,Chests of drawers & drawer units,1640,"SR 2,050",TRUE,https://www.ikea.com/sa/en/p/nordli-chest-of-8-drawers-white-s19276621/,Yes,"        Chest of 8 drawers,          160x99 cm",Ola Wihlborg,47,99,160
20347514,ENERYDA,Cabinets & cupboards,35,No old price,TRUE,https://www.ikea.com/sa/en/p/eneryda-handle-brass-colour-20347514/,Yes,"        Handle,          112 mm",Francis Cayouette,30,,17
10291678,LAPPVIKEN,Cabinets & cupboards,45,No old price,TRUE,https://www.ikea.com/sa/en/p/lappviken-drawer-front-white-10291678/,Yes,"        Drawer front,          60x26 cm",IKEA of Sweden,,26,60
80339790,HACKÅS,Bookcases & shelving units,17,No old price,TRUE,https://www.ikea.com/sa/en/p/hackas-knob-anthracite-80339790/,No,"        Knob,          15 mm",J Löfgren/J Pettersson,18,,24
69057522,TYSSEDAL,Beds,1395,No old price,TRUE,https://www.ikea.com/sa/en/p/tyssedal-bed-frame-white-s69057522/,Yes,"        Bed frame,          140x200 cm",Ebba Strandmark/IKEA of Sweden,,,147
49278341,BRIMNES,Beds,895,SR 925,TRUE,https://www.ikea.com/sa/en/p/brimnes-bed-frame-w-storage-and-headboard-white-luroey-s49278341/,No,"        Bed frame w storage and headboard,          90x200 cm",IKEA of Sweden/K Hagberg/M Hagberg,54,110,96
99127608,PAX,Wardrobes,1960,No old price,TRUE,https://www.ikea.com/sa/en/p/pax-wardrobe-white-fardal-vikedal-s99127608/,Yes,"        Wardrobe,          150x60x201 cm",IKEA of Sweden/Ehlén Johansson,60,201,150
70348785,SKÄRHAMN,Bookcases & shelving units,29,No old price,TRUE,https://www.ikea.com/sa/en/p/skaerhamn-knob-black-chrome-plated-70348785/,Yes,"        Knob,          22 mm",Ebba Strandmark,24,,
70239710,STOCKHOLM,Tables & desks,995,No old price,TRUE,https://www.ikea.com/sa/en/p/stockholm-coffee-table-walnut-veneer-70239710/,No,"        Coffee table,          180x59 cm",Ola Wihlborg,,40,59
60357737,UTTER,Outdoor furniture,45,No old price,TRUE,https://www.ikea.com/sa/en/p/utter-childrens-table-in-outdoor-white-60357737/,No,        Children's table,K Hagberg/M Hagberg,,43,42
10423886,NORDEN,Tables & desks,899,No old price,TRUE,https://www.ikea.com/sa/en/p/norden-gateleg-table-white-10423886/,No,"        Gateleg table,          26/89/152x80 cm","104.238.86 Small, neat dimensions make the table easy to furnish with, even when space is limited.Table with drop-leaves seats 2-4; makes it possible to adjust the table size according to need.You can store for example cutlery, table napkins and candles in the 6 drawers under the table top.This table has been tested against our strictest standards for stability, durability and safety to withstand everyday use in your home for years.Seats 2-4.Only recommended for indoor use.For increased stability, re-tighten the screws about two weeks after assembly and when necessary.Combines with other furniture in the NORDEN series.",,74,80
40347508,ENERYDA,TV & media furniture,22,No old price,TRUE,https://www.ikea.com/sa/en/p/eneryda-knob-brass-colour-40347508/,Yes,"        Knob,          27 mm",Francis Cayouette,,,
246196,MARIUS,Chairs,25,No old price,TRUE,https://www.ikea.com/sa/en/p/marius-stool-red-00246196/,No,        Stool,Ola Wihlborg,,,40
99239502,NORDLI,Chests of drawers & drawer units,1060,"SR 1,325",TRUE,https://www.ikea.com/sa/en/p/nordli-chest-of-7-drawers-white-s99239502/,No,"        Chest of 7 drawers,          80x122 cm",Ola Wihlborg,47,122,80
30094592,POÄNG,Sofas & armchairs,250,No old price,TRUE,https://www.ikea.com/sa/en/p/poaeng-footstool-cushion-glose-robust-dark-brown-30094592/,Yes,        Footstool cushion,Noboru Nakamura,,7,60
50058376,AGEN,Chairs,245,No old price,TRUE,https://www.ikea.com/sa/en/p/agen-chair-rattan-bamboo-50058376/,No,        Chair,500.583.76 Rattan is a natural material which ages beautifully and develops its own unique character over time.Handwoven; each piece of furniture is unique.Stackable chair; saves space when not in use.Plastic feet; protect the furniture if in contact with a moist surface.May be completed with NORNA chair pad for enhanced seating comfort.,56,79,58
80339790,HACKÅS,TV & media furniture,17,No old price,TRUE,https://www.ikea.com/sa/en/p/hackas-knob-anthracite-80339790/,No,"        Knob,          15 mm",J Löfgren/J Pettersson,18,,24
69297287,JONAXEL,Bookcases & shelving units,375,SR 437,TRUE,https://www.ikea.com/sa/en/p/jonaxel-shelving-unit-s69297287/,No,"        Shelving unit,          182x51x160 cm",IKEA of Sweden,51,160,182
10391324,TYSSEDAL,Chests of drawers & drawer units,945,No old price,TRUE,https://www.ikea.com/sa/en/p/tyssedal-chest-of-4-drawers-white-10391324/,No,"        Chest of 4 drawers,          67x102 cm",Ebba Strandmark,49,102,67
40291629,SELSVIKEN,TV & media furniture,60,No old price,TRUE,https://www.ikea.com/sa/en/p/selsviken-drawer-front-high-gloss-black-40291629/,Yes,"        Drawer front,          60x26 cm",IKEA of Sweden,,26,60
29278219,BRIMNES,TV & media furniture,1385,No old price,TRUE,https://www.ikea.com/sa/en/p/brimnes-tv-storage-combination-white-s29278219/,Yes,"        TV storage combination,          336x41x95 cm",K Hagberg/M Hagberg,41,95,336
29932181,LINNMON / ADILS,Tables & desks,119,No old price,TRUE,https://www.ikea.com/sa/en/p/linnmon-adils-table-white-s29932181/,Yes,"        Table,          100x60 cm",IKEA of Sweden,,74,60
19278328,KALLAX,Room dividers,745,No old price,TRUE,https://www.ikea.com/sa/en/p/kallax-shelving-unit-with-4-inserts-white-s19278328/,Yes,"        Shelving unit with 4 inserts,          147x147 cm",Tord Björklund,39,147,147
90323393,FIXA,TV & media furniture,5.6,SR 7,TRUE,https://www.ikea.com/sa/en/p/fixa-drill-template-orange-90323393/,No,        Drill template,903.233.93 Drill template for marking the hole location of knobs or handles makes it easier for you to place them correctly.The strip on the drill template is put against the edge of the door or drawer front; helps you to place the handle perfectly straight vertically or horizontally.,,,64
80341496,NYHAMN,Sofas & armchairs,600,No old price,TRUE,https://www.ikea.com/sa/en/p/nyhamn-pocket-sprung-mattress-firm-80341496/,No,"        Pocket sprung mattress,          140x200 cm",IKEA of Sweden/L Hilland,,,140
40369109,NORDVIKEN,Chairs,225,No old price,TRUE,https://www.ikea.com/sa/en/p/nordviken-chair-black-40369109/,Yes,        Chair,Francis Cayouette,56,97,44
80261258,BESTÅ,TV & media furniture,25,No old price,TRUE,https://www.ikea.com/sa/en/p/besta-soft-closing-push-open-hinge-80261258/,No,        Soft closing/push-open hinge,"802.612.58 You can choose to use either the soft-closing or push-open function.With the push-opener you don’t need knobs or handles and can open the door with a light push.With the soft-closing function your doors close silently and softly. Knobs and handles are sold separately.If you choose the soft closing function for your BESTÅ, we recommend complementing the fronts with knobs/handles to make the drawers/cabinets more convenient to open.",,,
20305707,BUSUNGE,Nursery furniture,645,No old price,TRUE,https://www.ikea.com/sa/en/p/busunge-wardrobe-white-20305707/,No,"        Wardrobe,          80x139 cm",Carl Öjerstam,52,139,80
19046574,BEKANT,Tables & desks,5300,No old price,TRUE,https://www.ikea.com/sa/en/p/bekant-desk-combination-white-s19046574/,Yes,"        Desk combination,          320x220 cm",K Malmvall/E Lilja Löwenhielm,220,,
79275119,HAVSTA,"Sideboards, buffets & console tables",1395,No old price,TRUE,https://www.ikea.com/sa/en/p/havsta-glass-door-cabinet-with-plinth-white-clear-glass-s79275119/,Yes,"        Glass-door cabinet with plinth,          121x37x134 cm",IKEA of Sweden,37,134,121
60295532,BESTÅ,Cabinets & cupboards,30,No old price,TRUE,https://www.ikea.com/sa/en/p/besta-glass-shelf-glass-60295532/,No,"        Glass shelf,          56x36 cm",IKEA of Sweden,36,,56
70297658,LISABO,Tables & desks,545,No old price,TRUE,https://www.ikea.com/sa/en/p/lisabo-coffee-table-ash-veneer-70297658/,No,"        Coffee table,          118x50 cm",K Hagberg/M Hagberg,,50,50
30299070,LISABO,Tables & desks,745,No old price,TRUE,https://www.ikea.com/sa/en/p/lisabo-desk-ash-veneer-30299070/,No,"        Desk,          118x45 cm",K Hagberg/M Hagberg,45,74,118
79296857,EKEDALEN / EKEDALEN,Tables & desks,1695,No old price,TRUE,https://www.ikea.com/sa/en/p/ekedalen-ekedalen-table-and-4-chairs-white-orrsta-light-grey-s79296857/,No,"        Table and 4 chairs,          120/180 cm",Ehlén Johansson,,,
30160209,LURÖY,Beds,100,No old price,TRUE,https://www.ikea.com/sa/en/p/luroey-slatted-bed-base-30160209/,Yes,"        Slatted bed base,          80x200 cm",IKEA of Sweden,,4,80
20351515,BESTÅ,Cabinets & cupboards,75,No old price,TRUE,https://www.ikea.com/sa/en/p/besta-drawer-frame-grey-stained-walnut-effect-20351515/,Yes,"        Drawer frame,          60x25x40 cm",IKEA of Sweden,40,25,60
40411047,KUDDARNA,Outdoor furniture,45,No old price,TRUE,https://www.ikea.com/sa/en/p/kuddarna-back-cushion-outdoor-beige-40411047/,No,"        Back cushion, outdoor,          62x44 cm",IKEA of Sweden,,,62
90253535,AGAM,Chairs,195,No old price,TRUE,https://www.ikea.com/sa/en/p/agam-junior-chair-white-90253535/,No,        Junior chair,IKEA of Sweden,43,79,41
99248380,IVAR,Bookcases & shelving units,990,No old price,TRUE,https://www.ikea.com/sa/en/p/ivar-3-sections-shelves-cabinet-pine-s99248380/,No,"        3 sections/shelves/cabinet,          259x30x124 cm",IKEA of Sweden,30,124,259
60333850,BROR,Trolleys,495,No old price,TRUE,https://www.ikea.com/sa/en/p/bror-trolley-black-pine-plywood-60333850/,No,"        Trolley,          85x55 cm",IKEA of Sweden,,88,55
80247371,BESTÅ,TV & media furniture,225,No old price,TRUE,https://www.ikea.com/sa/en/p/besta-frame-grey-stained-walnut-effect-80247371/,Yes,"        Frame,          60x40x192 cm",IKEA of Sweden,40,192,60
39325022,PAX / GRIMO/VIKEDAL,Wardrobes,3935,No old price,TRUE,https://www.ikea.com/sa/en/p/pax-grimo-vikedal-wardrobe-combination-white-mirror-glass-s39325022/,Yes,"        Wardrobe combination,          200x60x236 cm",Ola Wihlborg/Ehlén Johansson/IKEA of Sweden,60,236,200
30342479,HACKÅS,Bookcases & shelving units,32,No old price,TRUE,https://www.ikea.com/sa/en/p/hackas-handle-anthracite-30342479/,No,"        Handle,          100 mm",J Löfgren/J Pettersson,18,,24
19161489,MELLTORP / NISSE,Tables & desks,297,SR 383,TRUE,https://www.ikea.com/sa/en/p/melltorp-nisse-table-and-2-folding-chairs-white-white-s19161489/,No,"        Table and 2 folding chairs,          75 cm",Lisa Norinder,,72,75
20449517,KLEPPSTAD,Wardrobes,45,No old price,TRUE,https://www.ikea.com/sa/en/p/kleppstad-shelf-white-20449517/,No,"        Shelf,          76x50 cm",IKEA of Sweden,50,,76
89307643,EKET,Cabinets & cupboards,114,No old price,TRUE,https://www.ikea.com/sa/en/p/eket-wall-mounted-cabinet-combination-white-s89307643/,Yes,"        Wall-mounted cabinet combination,          35x35x35 cm",IKEA of Sweden/Jon Karlsson,35,35,35
60245844,BESTÅ,TV & media furniture,170,No old price,TRUE,https://www.ikea.com/sa/en/p/besta-frame-white-60245844/,Yes,"        Frame,          120x40x38 cm",IKEA of Sweden,40,38,120
20340758,EKEDALEN,Tables & desks,995,No old price,TRUE,https://www.ikea.com/sa/en/p/ekedalen-extendable-table-dark-brown-20340758/,No,"        Extendable table,          180/240x90 cm",Ehlén Johansson,,75,90
349444,TINGBY,Tables & desks,149,No old price,TRUE,https://www.ikea.com/sa/en/p/tingby-side-table-on-castors-grey-00349444/,Yes,"        Side table on castors,          50x50 cm","003.494.44 Separate shelf for magazines, etc. helps you keep your things organised and the table top clear.The castors make it easy to move the table if needed.",,45,50
40455654,BINGSTA,Chairs,695,No old price,TRUE,https://www.ikea.com/sa/en/p/bingsta-high-back-armchair-vissle-dark-yellow-kabusa-dark-yellow-40455654/,Yes,        High-back armchair,Elizabet Gutierrez,58,101,70
10203610,MALM,Tables & desks,375,No old price,TRUE,https://www.ikea.com/sa/en/p/malm-dressing-table-white-10203610/,Yes,"        Dressing table,          120x41 cm",Eva Lilja Löwenhielm,41,78,120
20439472,NORDKISA,Tables & desks,476,SR 595,TRUE,https://www.ikea.com/sa/en/p/nordkisa-dressing-table-bamboo-20439472/,No,"        Dressing table,          76x47 cm",L Hilland/J Karlsson,47,79,76
49022519,BEKANT,Tables & desks,2645,No old price,TRUE,https://www.ikea.com/sa/en/p/bekant-desk-sit-stand-white-s49022519/,Yes,"        Desk sit/stand,          120x80 cm",K Malmvall/E Lilja Löwenhielm,,,80
50357002,KALLRÖR,Bookcases & shelving units,25,No old price,TRUE,https://www.ikea.com/sa/en/p/kallroer-handle-stainless-steel-50357002/,No,"        Handle,          213 mm",IKEA of Sweden,38,,
40365366,MAMMUT,Children's furniture,59,No old price,TRUE,https://www.ikea.com/sa/en/p/mammut-childrens-chair-in-outdoor-red-40365366/,No,        Children's chair,M Kjelstrup/A Östgaard,36,67,39
70342199,FJÄLLBO,Bookcases & shelving units,295,No old price,TRUE,https://www.ikea.com/sa/en/p/fjaellbo-shelving-unit-black-70342199/,No,"        Shelving unit,          51x136 cm",Johan Kroon,36,136,51
10411242,VITVAL,Beds,995,No old price,TRUE,https://www.ikea.com/sa/en/p/vitval-loft-bed-frame-white-light-grey-10411242/,No,"        Loft bed frame,          90x200 cm",IKEA of Sweden,,195,135
50293604,BESTÅ,Cabinets & cupboards,15,No old price,TRUE,https://www.ikea.com/sa/en/p/besta-supporting-leg-grey-50293604/,No,"        Supporting leg,          10 cm",IKEA of Sweden,,10,
60372276,HEMNES,Beds,1495,No old price,TRUE,https://www.ikea.com/sa/en/p/hemnes-day-bed-frame-with-3-drawers-grey-60372276/,No,"        Day-bed frame with 3 drawers,          80x200 cm",Carina Bengs,70,18,89
69017475,KALLAX,Room dividers,895,No old price,TRUE,https://www.ikea.com/sa/en/p/kallax-shelving-unit-with-8-inserts-white-s69017475/,Yes,"        Shelving unit with 8 inserts,          147x147 cm",Tord Björklund,39,147,147
50409874,BRIMNES,TV & media furniture,595,No old price,TRUE,https://www.ikea.com/sa/en/p/brimnes-tv-bench-white-50409874/,Yes,"        TV bench,          180x41x53 cm",K Hagberg/M Hagberg,41,53,180
59336374,EKET,Cabinets & cupboards,139,No old price,TRUE,https://www.ikea.com/sa/en/p/eket-wall-cabinet-with-glass-door-white-s59336374/,Yes,"        Wall cabinet with glass door,          35x35x35 cm",IKEA of Sweden/Jon Karlsson,35,35,35
40347508,ENERYDA,Bookcases & shelving units,22,No old price,TRUE,https://www.ikea.com/sa/en/p/eneryda-knob-brass-colour-40347508/,Yes,"        Knob,          27 mm",Francis Cayouette,,,
30171123,TROFAST,Children's furniture,175,No old price,TRUE,https://www.ikea.com/sa/en/p/trofast-frame-white-30171123/,No,"        Frame,          46x30x145 cm",Studio Copenhagen,30,145,46
10363632,HÄLLAN,Cabinets & cupboards,50,No old price,TRUE,https://www.ikea.com/sa/en/p/haellan-pair-of-legs-white-10363632/,No,"        Pair of legs,          29 cm",Jon Karlsson,2,29,45
59902658,VITTSJÖ,Bookcases & shelving units,620,No old price,TRUE,https://www.ikea.com/sa/en/p/vittsjoe-storage-combination-black-brown-glass-s59902658/,No,"        Storage combination,          151x36x175 cm",Johan Kroon,36,175,151
89302914,PLATSA,Beds,2307,"SR 2,560",TRUE,https://www.ikea.com/sa/en/p/platsa-bed-frame-with-10-drawers-white-fonnes-s89302914/,No,"        Bed frame with 10 drawers,          140x244x103 cm",IKEA of Sweden,40,43,140
80245051,STOCKHOLM,Sofas & armchairs,6680,"SR 8,350",TRUE,https://www.ikea.com/sa/en/p/stockholm-three-seat-sofa-seglora-natural-80245051/,No,        Three-seat sofa,Niels Gammelgaard,88,80,211
10331014,MALINDA,Chairs,25,SR 30,TRUE,https://www.ikea.com/sa/en/p/malinda-chair-cushion-grey-10331014/,No,"        Chair cushion,          40/35x38x7 cm",103.310.14 Hook and loop fasteners keep the chair cushion in place.The chair cushion has two identical sides so it can be turned over for even wear.Easy to keep clean since it is machine washable.,38,,
9306204,JONAXEL,Bookcases & shelving units,585,SR 657,TRUE,https://www.ikea.com/sa/en/p/jonaxel-frames-clothes-rails-shelving-units-s09306204/,No,"        Frames/clothes rails/shelving units,          148x51x173 cm",IKEA of Sweden,51,173,148
90423887,NORDEN,Tables & desks,899,No old price,TRUE,https://www.ikea.com/sa/en/p/norden-gateleg-table-birch-90423887/,No,"        Gateleg table,          26/89/152x80 cm","904.238.87 Small, neat dimensions make the table easy to furnish with, even when space is limited.Table with drop-leaves seats 2-4; makes it possible to adjust the table size according to need.You can store for example cutlery, table napkins and candles in the 6 drawers under the table top.This table has been tested against our strictest standards for stability, durability and safety to withstand everyday use in your home for years.Seats 2-4.Only recommended for indoor use.Combines with other furniture in the NORDEN series.For increased stability, re-tighten the screws about two weeks after assembly and when necessary.",,74,80
10338421,BAGGANÄS,Bookcases & shelving units,27,No old price,TRUE,https://www.ikea.com/sa/en/p/bagganaes-knob-stainless-steel-10338421/,Yes,"        Knob,          20 mm",H Preutz/A Fredriksson,28,,20
30396655,HEMNES,Chairs,495,No old price,TRUE,https://www.ikea.com/sa/en/p/hemnes-storage-bench-w-towel-rail-4-hooks-white-30396655/,No,"        Storage bench w towel rail/4 hooks,          64x37x173 cm",T Christensen/K Legaard,37,173,64
30449748,ANTILOP,Nursery furniture,16,SR 20,TRUE,https://www.ikea.com/sa/en/p/antilop-supporting-cushion-white-30449748/,No,        Supporting cushion,S Edholm/L Ullenius,,,
90252908,BEKANT,Tables & desks,620,SR 775,TRUE,https://www.ikea.com/sa/en/p/bekant-underframe-for-table-top-white-90252908/,Yes,"        Underframe for table top,          160x80 cm",K Malmvall/E Lilja Löwenhielm,,,80
20334309,BILLSBRO,TV & media furniture,75,No old price,TRUE,https://www.ikea.com/sa/en/p/billsbro-handle-white-20334309/,Yes,"        Handle,          2220 mm",H Preutz/A Fredriksson,,,
60463498,SAKARIAS,Chairs,175,No old price,TRUE,https://www.ikea.com/sa/en/p/sakarias-stool-frame-black-60463498/,No,        Stool frame,Ebba Strandmark,51,49,39
90091454,TROFAST,Nursery furniture,30,No old price,TRUE,https://www.ikea.com/sa/en/p/trofast-shelf-white-90091454/,No,        Shelf,Studio Copenhagen,,,30
99249520,HÄLLAN,Cabinets & cupboards,1575,No old price,TRUE,https://www.ikea.com/sa/en/p/haellan-storage-combination-with-doors-white-s99249520/,No,"        Storage combination with doors,          90x47x167 cm",Jon Karlsson,47,167,90
10251451,IKEA PS,"Sideboards, buffets & console tables",425,No old price,TRUE,https://www.ikea.com/sa/en/p/ikea-ps-cabinet-white-10251451/,No,"        Cabinet,          119x63 cm",Nicholai Wiig Hansen,40,63,119
49011766,MELLTORP / ADDE,Tables & desks,179,SR 205,TRUE,https://www.ikea.com/sa/en/p/melltorp-adde-table-and-2-chairs-white-s49011766/,No,"        Table and 2 chairs,          75 cm",Lisa Norinder/Marcus Arvonen,,72,75
50425987,KALLVIKEN,TV & media furniture,135,No old price,TRUE,https://www.ikea.com/sa/en/p/kallviken-door-drawer-front-dark-grey-concrete-effect-50425987/,No,"        Door/drawer front,          60x38 cm",IKEA of Sweden,,38,60
99304804,TOMMARYD,Tables & desks,595,No old price,TRUE,https://www.ikea.com/sa/en/p/tommaryd-table-anthracite-s99304804/,No,"        Table,          130x70 cm",Maja Ganszyniec,,75,70
90305803,VITTSJÖ,Bookcases & shelving units,245,No old price,TRUE,https://www.ikea.com/sa/en/p/vittsjoe-shelving-unit-black-brown-glass-90305803/,No,"        Shelving unit,          100x93 cm",Johan Kroon,36,93,100
49285817,EKET,Bookcases & shelving units,94,No old price,TRUE,https://www.ikea.com/sa/en/p/eket-wall-mounted-shelving-unit-white-s49285817/,Yes,"        Wall-mounted shelving unit,          35x35x35 cm",Jon Karlsson/IKEA of Sweden,35,35,35
60323592,BILLSBRO,Bookcases & shelving units,15,No old price,TRUE,https://www.ikea.com/sa/en/p/billsbro-handle-stainless-steel-colour-60323592/,No,"        Handle,          40 mm",H Preutz/A Fredriksson,,,
20351515,BESTÅ,TV & media furniture,75,No old price,TRUE,https://www.ikea.com/sa/en/p/besta-drawer-frame-grey-stained-walnut-effect-20351515/,Yes,"        Drawer frame,          60x25x40 cm",IKEA of Sweden,40,25,60
20348896,ÖSTERNÄS,Cabinets & cupboards,49,No old price,TRUE,https://www.ikea.com/sa/en/p/oesternaes-leather-handle-tanned-leather-20348896/,No,"        Leather handle,          65 mm",H Preutz/A Fredriksson,,,25
70391038,HAVSTA,Bookcases & shelving units,695,No old price,TRUE,https://www.ikea.com/sa/en/p/havsta-shelving-unit-with-plinth-dark-brown-70391038/,Yes,"        Shelving unit with plinth,          61x37x212 cm",IKEA of Sweden,37,212,61
29304765,NORDVIKEN / NORDVIKEN,Chairs,3345,No old price,TRUE,https://www.ikea.com/sa/en/p/nordviken-nordviken-table-and-6-chairs-white-white-s29304765/,No,"        Table and 6 chairs,          210/289x105 cm",Francis Cayouette,,,105
90301225,BRIMNES,Bookcases & shelving units,445,No old price,TRUE,https://www.ikea.com/sa/en/p/brimnes-bookcase-white-90301225/,Yes,"        Bookcase,          60x190 cm",K Hagberg/M Hagberg,35,190,60
29297232,NORRÅKER / NORRARYD,Tables & desks,1636,"SR 2,045",TRUE,https://www.ikea.com/sa/en/p/norraker-norraryd-table-and-4-chairs-birch-black-s29297232/,No,"        Table and 4 chairs,          125x74 cm",Nike Karlsson/J Karlsson/N Karlsson,,,74
289317,STOCKSUND,Sofas & armchairs,100,No old price,TRUE,https://www.ikea.com/sa/en/p/stocksund-legs-for-armchair-sofas-black-00289317/,No,        Legs for armchair/sofas,Nike Karlsson,,18,
50347503,ENERYDA,Bookcases & shelving units,17,No old price,TRUE,https://www.ikea.com/sa/en/p/eneryda-knob-chrome-plated-50347503/,Yes,"        Knob,          20 mm",Francis Cayouette,,,
49325371,PLATSA,Wardrobes,435,No old price,TRUE,https://www.ikea.com/sa/en/p/platsa-wall-storage-white-s49325371/,No,"        Wall storage,          240x40x40 cm",Ola Wihlborg,40,40,240
90419965,JONAXEL,Bookcases & shelving units,20,SR 22,TRUE,https://www.ikea.com/sa/en/p/jonaxel-mesh-basket-white-90419965/,No,"        Mesh basket,          25x51x15 cm",IKEA of Sweden,51,15,25
89248314,IVAR,Bookcases & shelving units,275,No old price,TRUE,https://www.ikea.com/sa/en/p/ivar-1-section-shelves-pine-s89248314/,No,"        1 section/shelves,          89x30x179 cm",IKEA of Sweden,30,179,89
39318031,HYLLIS,Bookcases & shelving units,137,No old price,TRUE,https://www.ikea.com/sa/en/p/hyllis-shelving-unit-in-outdoor-s39318031/,No,"        Shelving unit in/outdoor,          180x27x74-140 cm",IKEA of Sweden,27,,180
50240031,ASKHOLMEN,Outdoor furniture,129,No old price,TRUE,https://www.ikea.com/sa/en/p/askholmen-chair-outdoor-grey-brown-foldable-grey-brown-stained-light-brown-stained-light-brown-50240031/,No,"        Chair, outdoor",IKEA of Sweden,49,87,36
80341019,EKEDALEN,Chairs,225,No old price,TRUE,https://www.ikea.com/sa/en/p/ekedalen-chair-brown-orrsta-light-grey-80341019/,No,        Chair,Ehlén Johansson,51,95,43
20419964,JONAXEL,Bookcases & shelving units,25,SR 27,TRUE,https://www.ikea.com/sa/en/p/jonaxel-mesh-basket-white-20419964/,No,"        Mesh basket,          50x51x15 cm",IKEA of Sweden,51,15,50
60341015,EKEDALEN,Chairs,225,No old price,TRUE,https://www.ikea.com/sa/en/p/ekedalen-chair-white-orrsta-light-grey-60341015/,No,        Chair,Ehlén Johansson,51,95,43
40466389,GISTAD,Chairs,945,No old price,TRUE,https://www.ikea.com/sa/en/p/gistad-recliner-idekulla-dark-red-40466389/,Yes,        Recliner,IKEA of Sweden,84,96,66
80371520,TROGEN,Chairs,89,No old price,TRUE,https://www.ikea.com/sa/en/p/trogen-childrens-step-stool-yellow-80371520/,No,"        Children's step stool,          40x38x33 cm",J Asshoff/H Brogård,38,33,40
80437234,KLEPPSTAD,Wardrobes,349,No old price,TRUE,https://www.ikea.com/sa/en/p/kleppstad-wardrobe-with-2-doors-white-80437234/,No,"        Wardrobe with 2 doors,          79x176 cm",IKEA of Sweden,55,176,79
69185435,KRITTER,Beds,360,No old price,TRUE,https://www.ikea.com/sa/en/p/kritter-bed-frame-with-slatted-bed-base-white-s69185435/,No,"        Bed frame with slatted bed base,          70x160 cm",IKEA of Sweden/Anna Efverlund,,,75
30250257,KRILLE,Tables & desks,75,No old price,TRUE,https://www.ikea.com/sa/en/p/krille-leg-with-castor-white-30250257/,No,"        Leg with castor,          70 cm",Francis Cayouette,,70,
80102066,LYCKSELE MURBO,Beds,695,No old price,TRUE,https://www.ikea.com/sa/en/p/lycksele-murbo-mattress-80102066/,No,"        Mattress,          140x188 cm",IKEA of Sweden,,,
60214159,MALM,Tables & desks,475,SR 545,TRUE,https://www.ikea.com/sa/en/p/malm-desk-white-60214159/,Yes,"        Desk,          140x65 cm","602.141.59 You can collect cables and extension leads on the shelf under the table top, so they’re hidden but still close at hand.Can be placed in the middle of a room because the back is finished.You can mount the storage unit to the right or left, according to your space or preference. Combines with other furniture in the MALM series.May be completed with SUMMERA drawer insert with 6 compartments to create order in the drawer.",65,73,140
359739,ROTHULT,Chests of drawers & drawer units,95,No old price,TRUE,https://www.ikea.com/sa/en/p/rothult-smart-lock-white-00359739/,No,        Smart lock,IKEA of Sweden,,7,3
19246144,SKOGSTA / NORRARYD,Tables & desks,3555,"SR 3,945",TRUE,https://www.ikea.com/sa/en/p/skogsta-norraryd-table-and-6-chairs-acacia-black-s19246144/,No,"        Table and 6 chairs,          235x100 cm",Marcus Arvonen/Nike Karlsson,,74,100
59221373,PAX,Wardrobes,2025,No old price,TRUE,https://www.ikea.com/sa/en/p/pax-corner-wardrobe-white-flisberget-light-beige-s59221373/,No,"        Corner wardrobe,          160/88x236 cm",K Hagberg/M Hagberg/Ehlén Johansson/IKEA of Sweden,,236,87
30285153,LAPPLAND,TV & media furniture,695,No old price,TRUE,https://www.ikea.com/sa/en/p/lappland-tv-storage-unit-black-brown-30285153/,Yes,"        TV storage unit,          183x39x147 cm",IKEA of Sweden,39,147,183
40299687,BURFJORD,Beds,40,SR 50/4 pack,TRUE,https://www.ikea.com/sa/en/p/burfjord-leg-oak-40299687/,No,"        Leg,          10 cm",Ola Wihlborg,55,,55
44361010,BRYNE,Beds,49,No old price,TRUE,https://www.ikea.com/sa/en/p/bryne-net-white-44361010/,No,        Net,443.610.10 Easy to keep clean since you can remove the fabric and wash it by machine.NEVER use for infants and young children.WARNING! Entanglement and strangulation hazard.The net is not intended to be used as protection against mosquitos or other insects.,,,
95685100,TROFAST,Children's furniture,15,No old price,TRUE,https://www.ikea.com/sa/en/p/trofast-storage-box-white-95685100/,No,"        Storage box,          42x30x23 cm",Studio Copenhagen,,23,30
70410089,VIMLE,Sofas & armchairs,50,No old price,TRUE,https://www.ikea.com/sa/en/p/vimle-cover-for-headrest-gunnared-medium-grey-70410089/,Yes,        Cover for headrest,Ehlén Johansson,,,
9300103,PAX,Wardrobes,3500,No old price,TRUE,https://www.ikea.com/sa/en/p/pax-wardrobe-white-tyssedal-glass-s09300103/,No,"        Wardrobe,          200x60x236 cm",Ebba Strandmark/Ehlén Johansson/IKEA of Sweden,60,236,200
89907452,STOLJAN,Chairs,220,SR 275,TRUE,https://www.ikea.com/sa/en/p/stoljan-conference-chair-white-black-s89907452/,Yes,        Conference chair,Henrik Preutz,51,81,45
30374413,HEMNES,Tables & desks,595,No old price,TRUE,https://www.ikea.com/sa/en/p/hemnes-dressing-table-with-mirror-white-30374413/,No,"        Dressing table with mirror,          100x50 cm",Carina Bengs,50,159,100
60447677,NORDKISA,Tables & desks,245,No old price,TRUE,https://www.ikea.com/sa/en/p/nordkisa-bedside-table-bamboo-60447677/,No,"        Bedside table,          40x40 cm",L Hilland/J Karlsson,40,67,40
50357785,UTTER,Outdoor furniture,25,No old price,TRUE,https://www.ikea.com/sa/en/p/utter-childrens-stool-in-outdoor-white-50357785/,No,        Children's stool,K Hagberg/M Hagberg,,,
90222407,INGATORP,Tables & desks,945,No old price,TRUE,https://www.ikea.com/sa/en/p/ingatorp-extendable-table-black-90222407/,No,"        Extendable table,          155/215x87 cm",Carina Bengs,,74,87
90213078,MICKE,Chests of drawers & drawer units,245,No old price,TRUE,https://www.ikea.com/sa/en/p/micke-drawer-unit-on-castors-white-90213078/,Yes,"        Drawer unit on castors,          35x75 cm",Henrik Preutz,50,75,35
99157370,ELVARLI,Wardrobes,1245,"SR 1,355",TRUE,https://www.ikea.com/sa/en/p/elvarli-3-sections-white-s99157370/,No,"        3 sections,          258x51x222-350 cm",Ehlén Johansson,50,,258
69286806,BEKANT,Cabinets & cupboards,1000,No old price,TRUE,https://www.ikea.com/sa/en/p/bekant-storage-unit-with-smart-lock-mesh-white-s69286806/,Yes,"        Storage unit with smart lock,          41x61 cm",IKEA of Sweden/Eva Lilja Löwenhielm,45,61,41
50342478,HACKÅS,Cabinets & cupboards,50,No old price,FALSE,https://www.ikea.com/sa/en/p/hackas-handle-anthracite-50342478/,No,"        Handle,          300 mm",J Löfgren/J Pettersson,18,,24
49133579,IVAR,Bookcases & shelving units,365,No old price,TRUE,https://www.ikea.com/sa/en/p/ivar-1-section-bottle-racks-pine-grey-s49133579/,No,"        1 section/bottle racks,          89x30x124 cm",IKEA of Sweden/Sarah Fager,30,124,89
40337694,BRIMNES,TV & media furniture,425,No old price,TRUE,https://www.ikea.com/sa/en/p/brimnes-tv-bench-white-40337694/,Yes,"        TV bench,          120x41x53 cm",K Hagberg/M Hagberg,41,53,120
50365177,MAMMUT,Tables & desks,129,No old price,TRUE,https://www.ikea.com/sa/en/p/mammut-childrens-table-in-outdoor-white-50365177/,No,"        Children's table,          77x55 cm",M Kjelstrup/A Östgaard,,48,55
351248,BESTÅ,Bookcases & shelving units,75,No old price,TRUE,https://www.ikea.com/sa/en/p/besta-drawer-frame-black-brown-00351248/,Yes,"        Drawer frame,          60x25x40 cm",IKEA of Sweden,40,25,60
40348715,BESTÅ,Cabinets & cupboards,25,No old price,TRUE,https://www.ikea.com/sa/en/p/besta-drawer-runner-soft-closing-40348715/,No,"        Drawer runner, soft-closing",IKEA of Sweden,,,
20281631,RISATORP,Trolleys,245,No old price,TRUE,https://www.ikea.com/sa/en/p/risatorp-trolley-white-20281631/,No,"        Trolley,          57x39x86 cm",Wiebke Braasch,,86,39
79189150,EKET,Bookcases & shelving units,1044,No old price,TRUE,https://www.ikea.com/sa/en/p/eket-wall-mounted-cabinet-combination-dark-grey-s79189150/,Yes,"        Wall-mounted cabinet combination,          175x35x210 cm",IKEA of Sweden/Jon Karlsson,35,210,175
80361564,VANGSTA,Tables & desks,545,No old price,TRUE,https://www.ikea.com/sa/en/p/vangsta-extendable-table-white-80361564/,No,"        Extendable table,          120/180x75 cm",IKEA of Sweden,,73,75
60245957,BESTÅ,Bookcases & shelving units,100,No old price,TRUE,https://www.ikea.com/sa/en/p/besta-frame-black-brown-60245957/,Yes,"        Frame,          60x20x38 cm",IKEA of Sweden,20,38,60
20228709,BRIMNES,Beds,220,No old price,TRUE,https://www.ikea.com/sa/en/p/brimnes-headboard-with-storage-compartment-white-20228709/,Yes,"        Headboard with storage compartment,          140 cm",K Hagberg/M Hagberg,28,111,146
90253535,AGAM,Children's furniture,195,No old price,TRUE,https://www.ikea.com/sa/en/p/agam-junior-chair-white-90253535/,No,        Junior chair,IKEA of Sweden,43,79,41
69287392,BILLY / OXBERG,Cabinets & cupboards,195,No old price,TRUE,https://www.ikea.com/sa/en/p/billy-oxberg-bookcase-with-door-white-s69287392/,Yes,"        Bookcase with door,          40x30x106 cm",Gillis Lundgren,30,106,40
70305700,BUSUNGE,Beds,795,No old price,TRUE,https://www.ikea.com/sa/en/p/busunge-extendable-bed-white-70305700/,No,"        Extendable bed,          80x200 cm",Carl Öjerstam,,,90
40463055,RÅSHULT,Trolleys,125,No old price,TRUE,https://www.ikea.com/sa/en/p/rashult-trolley-black-40463055/,No,"        Trolley,          38x28 cm",IKEA of Sweden,,65,28
60338414,BAGGANÄS,TV & media furniture,50,No old price,TRUE,https://www.ikea.com/sa/en/p/bagganaes-handle-black-60338414/,Yes,"        Handle,          335 mm",H Preutz/A Fredriksson,31,,9
29297227,STENSELE / NORRARYD,Tables & desks,1340,No old price,TRUE,https://www.ikea.com/sa/en/p/stensele-norraryd-bar-table-and-2-bar-stools-anthracite-anthracite-black-s29297227/,No,        Bar table and 2 bar stools,Nike Karlsson/Maja Ganszyniec,,,
79277019,MÖCKELBY / ODGER,Tables & desks,4265,No old price,TRUE,https://www.ikea.com/sa/en/p/moeckelby-odger-table-and-6-chairs-oak-white-beige-s79277019/,No,"        Table and 6 chairs,          235x100 cm",J Löfgren/J Pettersson/Marcus Arvonen,,74,100
70246089,JANINGE,Café furniture,595,No old price,TRUE,https://www.ikea.com/sa/en/p/janinge-bar-stool-white-70246089/,No,"        Bar stool,          76 cm",John/Jonas/Petrus/Paul/Caroline,36,84,38
20273141,HISHULT,Cabinets & cupboards,17,No old price,TRUE,https://www.ikea.com/sa/en/p/hishult-knob-porcelain-white-20273141/,Yes,"        Knob,          23 mm",K Hagberg/M Hagberg,24,,
40348895,ÖSTERNÄS,TV & media furniture,70,No old price,TRUE,https://www.ikea.com/sa/en/p/oesternaes-leather-handle-tanned-leather-40348895/,No,"        Leather handle,          153 mm",H Preutz/A Fredriksson,,,25
60403602,MALM,Chests of drawers & drawer units,495,No old price,TRUE,https://www.ikea.com/sa/en/p/malm-chest-of-6-drawers-white-60403602/,Yes,"        Chest of 6 drawers,          80x123 cm",IKEA of Sweden,48,123,80
39297514,BESTÅ,Cabinets & cupboards,1470,No old price,TRUE,https://www.ikea.com/sa/en/p/besta-tv-bench-with-doors-and-drawers-white-lappviken-stubbarp-white-s39297514/,Yes,"        TV bench with doors and drawers,          240x42x74 cm",IKEA of Sweden,42,74,240
59239504,NORDLI,Chests of drawers & drawer units,1220,"SR 1,525",TRUE,https://www.ikea.com/sa/en/p/nordli-chest-of-8-drawers-white-s59239504/,Yes,"        Chest of 8 drawers,          160x54 cm",Ola Wihlborg,47,54,160
90347515,ENERYDA,Bookcases & shelving units,35,No old price,TRUE,https://www.ikea.com/sa/en/p/eneryda-cup-handle-brass-colour-90347515/,Yes,"        Cup handle,          89 mm",Francis Cayouette,30,,22
9259702,LISABO / ODGER,Chairs,1875,No old price,TRUE,https://www.ikea.com/sa/en/p/lisabo-odger-table-and-4-chairs-black-beige-s09259702/,No,"        Table and 4 chairs,          140x78 cm",K Hagberg/M Hagberg/J Löfgren/J Pettersson,,74,78
70294339,LISABO,Tables & desks,695,No old price,TRUE,https://www.ikea.com/sa/en/p/lisabo-table-ash-veneer-70294339/,No,"        Table,          140x78 cm",K Hagberg/M Hagberg,,74,78
10255307,FEJAN,Outdoor furniture,59,No old price,TRUE,https://www.ikea.com/sa/en/p/fejan-chair-outdoor-foldable-white-10255307/,No,"        Chair, outdoor",K Hagberg/M Hagberg,42,89,44
10461010,BORTBERG,Chairs,49,No old price,TRUE,https://www.ikea.com/sa/en/p/bortberg-lumbar-cushion-black-10461010/,No,"        Lumbar cushion,          31x23 cm","104.610.10 The lumbar cushion helps you to sit up straight, which relieves both the spine and lower back.You easily attach the lumbar cushion to your favourite chair with the sewn-on touch-and-close fastening.Fixed cover.",,,23
70292397,LANDSKRONA,Sofas & armchairs,100,No old price,TRUE,https://www.ikea.com/sa/en/p/landskrona-leg-wood-70292397/,No,"        Leg,          15 cm",IKEA of Sweden,,15,
50357785,UTTER,Chairs,25,No old price,TRUE,https://www.ikea.com/sa/en/p/utter-childrens-stool-in-outdoor-white-50357785/,No,        Children's stool,K Hagberg/M Hagberg,,,
90338403,LÖVA,Beds,55,No old price,TRUE,https://www.ikea.com/sa/en/p/loeva-bed-canopy-green-90338403/,No,        Bed canopy,A Huldén/S Dahlman,,,90
49103247,LISABO / JANINGE,Chairs,1595,No old price,TRUE,https://www.ikea.com/sa/en/p/lisabo-janinge-table-and-4-chairs-ash-veneer-white-s49103247/,No,"        Table and 4 chairs,          140x78 cm",K Hagberg/M Hagberg/John/Jonas/Petrus/Paul/Caroline,,74,78
50413526,HEMNES,TV & media furniture,995,No old price,TRUE,https://www.ikea.com/sa/en/p/hemnes-tv-bench-white-stain-light-brown-50413526/,Yes,"        TV bench,          148x47x57 cm",Carina Bengs,47,57,148
80418056,POÄNG,Chairs,134,No old price,TRUE,https://www.ikea.com/sa/en/p/poaeng-childrens-armchair-frame-birch-veneer-80418056/,No,        Children's armchair frame,Noboru Nakamura,56,68,47
20368714,NORDVIKEN,Tables & desks,1495,No old price,TRUE,https://www.ikea.com/sa/en/p/nordviken-extendable-table-black-20368714/,Yes,"        Extendable table,          152/223x95 cm",Francis Cayouette,,75,95
29282532,BEKANT,Cabinets & cupboards,1105,No old price,TRUE,https://www.ikea.com/sa/en/p/bekant-storage-unit-on-castors-mesh-black-s29282532/,Yes,"        Storage unit on castors,          41x101 cm",Eva Lilja Löwenhielm,45,101,41
49285817,EKET,Tables & desks,94,No old price,TRUE,https://www.ikea.com/sa/en/p/eket-wall-mounted-shelving-unit-white-s49285817/,Yes,"        Wall-mounted shelving unit,          35x35x35 cm",Jon Karlsson/IKEA of Sweden,35,35,35
50323597,BILLSBRO,TV & media furniture,35,No old price,TRUE,https://www.ikea.com/sa/en/p/billsbro-handle-stainless-steel-colour-50323597/,No,"        Handle,          320 mm",H Preutz/A Fredriksson,,,
59161492,MÖCKELBY / NORRARYD,Chairs,4055,"SR 4,445",TRUE,https://www.ikea.com/sa/en/p/moeckelby-norraryd-table-and-6-chairs-oak-black-s59161492/,No,"        Table and 6 chairs,          235x100 cm",Marcus Arvonen/Nike Karlsson,,74,100
70261131,GERSBY,Bookcases & shelving units,95,No old price,TRUE,https://www.ikea.com/sa/en/p/gersby-bookcase-white-70261131/,No,"        Bookcase,          60x180 cm",IKEA of Sweden,24,180,60
69281776,BILLY,Bookcases & shelving units,585,No old price,TRUE,https://www.ikea.com/sa/en/p/billy-bookcase-with-panel-glass-doors-white-s69281776/,Yes,"        Bookcase with panel/glass doors,          80x30x202 cm",Gillis Lundgren,30,202,80
30326177,LENNART,Chests of drawers & drawer units,49,No old price,TRUE,https://www.ikea.com/sa/en/p/lennart-drawer-unit-white-30326177/,No,        Drawer unit,Jon Karlsson,34,56,30
60150176,BRÄDA,Tables & desks,15,No old price,TRUE,https://www.ikea.com/sa/en/p/braeda-laptop-support-black-60150176/,Yes,"        Laptop support,          42x31 cm",Sarah Fager,31,9,42
50223625,HEMNES,Chairs,395,No old price,TRUE,https://www.ikea.com/sa/en/p/hemnes-bench-white-50223625/,Yes,"        Bench,          83 cm",T Christensen/K Legaard,,53,37
69161482,IKEA PS 2012 / JANINGE,Tables & desks,1795,No old price,TRUE,https://www.ikea.com/sa/en/p/ikea-ps-2012-janinge-table-and-4-chairs-bamboo-white-s69161482/,No,"        Table and 4 chairs,          138 cm",Jon Karlsson/John/Jonas/Petrus/Paul/Caroline,,74,80
90400517,EKEDALEN,Tables & desks,796,SR 995,TRUE,https://www.ikea.com/sa/en/p/ekedalen-bar-table-dark-brown-90400517/,No,"        Bar table,          120x80 cm",Ehlén Johansson,,105,80
30247415,BESTÅ,TV & media furniture,110,No old price,TRUE,https://www.ikea.com/sa/en/p/besta-frame-grey-stained-walnut-effect-30247415/,Yes,"        Frame,          60x20x64 cm",IKEA of Sweden,20,64,60
10424353,VIMUND,Children's furniture,299,No old price,TRUE,https://www.ikea.com/sa/en/p/vimund-childrens-desk-chair-light-pink-10424353/,Yes,        Children's desk chair,IKEA of Sweden,59,,62
20320128,FLEKKE,Sofas & armchairs,1495,No old price,TRUE,https://www.ikea.com/sa/en/p/flekke-day-bed-frame-with-2-drawers-black-brown-20320128/,No,"        Day-bed frame with 2 drawers,          80x200 cm",K Hagberg/M Hagberg,,86,88
20396420,FJÄLLBERGET,Chairs,995,No old price,TRUE,https://www.ikea.com/sa/en/p/fjaellberget-conference-chair-with-castors-black-stained-ash-veneer-gunnared-dark-grey-20396420/,No,        Conference chair with castors,H Preutz/N Karlsson,71,,71
19303498,PAX,Wardrobes,2690,No old price,TRUE,https://www.ikea.com/sa/en/p/pax-wardrobe-white-fardal-high-gloss-white-s19303498/,Yes,"        Wardrobe,          150x60x236 cm",IKEA of Sweden/Ehlén Johansson,60,236,150
40310208,IVAR,Bookcases & shelving units,45,No old price,TRUE,https://www.ikea.com/sa/en/p/ivar-bottle-rack-grey-40310208/,No,"        Bottle rack,          83x30 cm",Sarah Fager,30,3,83
79017837,BILLY,Bookcases & shelving units,370,No old price,TRUE,https://www.ikea.com/sa/en/p/billy-bookcase-white-s79017837/,Yes,"        Bookcase,          160x28x202 cm",Gillis Lundgren,28,202,160
40296311,SINDVIK,Cabinets & cupboards,125,No old price,TRUE,https://www.ikea.com/sa/en/p/sindvik-glass-door-black-brown-clear-glass-40296311/,Yes,"        Glass door,          60x38 cm",Marcus Arvonen,,38,60
20463056,RÅSHULT,Trolleys,125,No old price,TRUE,https://www.ikea.com/sa/en/p/rashult-trolley-white-20463056/,No,"        Trolley,          38x28 cm",IKEA of Sweden,,65,28
70228325,RESÖ,Children's furniture,205,No old price,TRUE,https://www.ikea.com/sa/en/p/resoe-childrens-picnic-table-grey-brown-stained-grey-brown-70228325/,No,        Children's picnic table,IKEA of Sweden,,49,89
60334722,TOBIAS,Chairs,345,No old price,TRUE,https://www.ikea.com/sa/en/p/tobias-chair-blue-chrome-plated-60334722/,No,        Chair,Carl Öjerstam,56,82,55
70323600,BILLSBRO,Bookcases & shelving units,19,No old price,TRUE,https://www.ikea.com/sa/en/p/billsbro-handle-stainless-steel-colour-70323600/,No,"        Handle,          120 mm",H Preutz/A Fredriksson,,,
19248015,NORDLI,Chests of drawers & drawer units,1580,"SR 1,975",TRUE,https://www.ikea.com/sa/en/p/nordli-chest-of-9-drawers-white-s19248015/,No,"        Chest of 9 drawers,          160x99 cm",Ola Wihlborg,47,99,160
40407922,BRIMNES,Wardrobes,645,No old price,TRUE,https://www.ikea.com/sa/en/p/brimnes-wardrobe-with-3-doors-white-40407922/,No,"        Wardrobe with 3 doors,          117x190 cm",K Hagberg/M Hagberg,50,190,117
89041709,ANTILOP,Nursery furniture,85,No old price,TRUE,https://www.ikea.com/sa/en/p/antilop-highchair-with-safety-belt-white-silver-colour-s89041709/,No,        Highchair with safety belt,IKEA of Sweden,59,90,56
9297134,JONAXEL,Bookcases & shelving units,150,No old price,TRUE,https://www.ikea.com/sa/en/p/jonaxel-frame-with-wire-baskets-s09297134/,No,"        Frame with wire baskets,          50x51x70 cm",IKEA of Sweden,51,70,50
29269724,LANDSKRONA,Chairs,1395,No old price,TRUE,https://www.ikea.com/sa/en/p/landskrona-armchair-gunnared-light-green-metal-s29269724/,Yes,        Armchair,IKEA of Sweden/Tord Björklund,89,78,89
49246468,PAX,Wardrobes,1510,No old price,TRUE,https://www.ikea.com/sa/en/p/pax-wardrobe-white-forsand-white-s49246468/,Yes,"        Wardrobe,          150x60x201 cm",Ehlén Johansson/IKEA of Sweden,60,201,150
89931560,HEMNES,Beds,675,SR 895,TRUE,https://www.ikea.com/sa/en/p/hemnes-bed-frame-white-stain-s89931560/,Yes,"        Bed frame,          140x200 cm",IKEA of Sweden/Carina Bengs,,,154
79102958,TROFAST,Children's furniture,410,No old price,TRUE,https://www.ikea.com/sa/en/p/trofast-storage-combination-light-white-stained-pine-pine-white-s79102958/,Yes,"        Storage combination,          94x44x52 cm",Studio Copenhagen,44,52,94
80270125,LÖVBACKEN,Tables & desks,299,No old price,TRUE,https://www.ikea.com/sa/en/p/loevbacken-side-table-medium-brown-80270125/,No,"        Side table,          77x39 cm",IKEA of Sweden,,51,39
9061169,BEKANT,Tables & desks,2875,No old price,TRUE,https://www.ikea.com/sa/en/p/bekant-corner-desk-right-sit-stand-white-s09061169/,Yes,"        Corner desk right sit/stand,          160x110 cm",K Malmvall/E Lilja Löwenhielm,,,110
289322,STOCKSUND,Sofas & armchairs,100,No old price,TRUE,https://www.ikea.com/sa/en/p/stocksund-legs-for-armchair-sofas-light-brown-00289322/,No,        Legs for armchair/sofas,Nike Karlsson,,18,
49248325,IVAR,Bookcases & shelving units,612,No old price,TRUE,https://www.ikea.com/sa/en/p/ivar-2-sections-shelves-pine-s49248325/,No,"        2 sections/shelves,          134x50x179 cm",IKEA of Sweden,50,179,134
30425988,KALLVIKEN,Bookcases & shelving units,95,No old price,TRUE,https://www.ikea.com/sa/en/p/kallviken-drawer-front-dark-grey-concrete-effect-30425988/,No,"        Drawer front,          60x26 cm",IKEA of Sweden,,26,60
87749600,OBSERVATÖR,Bookcases & shelving units,5,No old price,TRUE,https://www.ikea.com/sa/en/p/observatoer-cross-brace-galvanised-87749600/,No,"        Cross-brace,          100 cm",IKEA of Sweden,,,
40291851,HANVIKEN,Cabinets & cupboards,50,No old price,TRUE,https://www.ikea.com/sa/en/p/hanviken-drawer-front-white-40291851/,Yes,"        Drawer front,          60x26 cm",Marcus Arvonen,,26,60
60400745,YNGVAR,Chairs,475,No old price,TRUE,https://www.ikea.com/sa/en/p/yngvar-bar-stool-anthracite-60400745/,No,"        Bar stool,          75 cm",IKEA of Sweden,40,,40
99157983,NESTTUN,Beds,595,No old price,TRUE,https://www.ikea.com/sa/en/p/nesttun-bed-frame-white-s99157983/,Yes,"        Bed frame,          140x200 cm",IKEA of Sweden/David Wahl,,95,146
296313,SINDVIK,Cabinets & cupboards,150,No old price,TRUE,https://www.ikea.com/sa/en/p/sindvik-glass-door-black-brown-clear-glass-00296313/,Yes,"        Glass door,          60x64 cm",Marcus Arvonen,,64,60
40351246,BESTÅ,Bookcases & shelving units,60,No old price,TRUE,https://www.ikea.com/sa/en/p/besta-drawer-frame-black-brown-40351246/,Yes,"        Drawer frame,          60x15x40 cm",IKEA of Sweden,40,15,60
29248374,IVAR,Bookcases & shelving units,795,No old price,TRUE,https://www.ikea.com/sa/en/p/ivar-3-sections-shelves-pine-s29248374/,No,"        3 sections/shelves,          259x30x179 cm",IKEA of Sweden,30,179,259
80362974,SLÄKT,Children's furniture,295,No old price,TRUE,https://www.ikea.com/sa/en/p/slaekt-storage-box-with-castors-80362974/,No,"        Storage box with castors,          62x62x35 cm",Ebba Strandmark,53,35,62
49280754,BILLY / OXBERG,Cabinets & cupboards,1370,No old price,TRUE,https://www.ikea.com/sa/en/p/billy-oxberg-bookcase-w-height-extension-ut-drs-white-s49280754/,Yes,"        Bookcase w height extension ut/drs,          160x30x237 cm",Gillis Lundgren/IKEA of Sweden,30,237,160
19102659,TROFAST,Nursery furniture,395,No old price,TRUE,https://www.ikea.com/sa/en/p/trofast-storage-combination-light-white-stained-pine-pine-white-s19102659/,Yes,"        Storage combination,          94x44x52 cm",Studio Copenhagen,44,52,94
70246089,JANINGE,Chairs,595,No old price,TRUE,https://www.ikea.com/sa/en/p/janinge-bar-stool-white-70246089/,No,"        Bar stool,          76 cm",John/Jonas/Petrus/Paul/Caroline,36,84,38
59253439,FRÖSÖN/DUVHOLMEN,Outdoor furniture,59,No old price,TRUE,https://www.ikea.com/sa/en/p/froesoen-duvholmen-chair-cushion-outdoor-beige-s59253439/,Yes,"        Chair cushion, outdoor,          44x44 cm",Eva Lilja Löwenhielm/IKEA of Sweden,44,,44
70344933,EKET,Bookcases & shelving units,625,No old price,TRUE,https://www.ikea.com/sa/en/p/eket-cabinet-with-3-drawers-dark-grey-70344933/,Yes,"        Cabinet with 3 drawers,          70x35x70 cm",Jon Karlsson,35,70,70
50165079,BLÅMES,Nursery furniture,375,No old price,TRUE,https://www.ikea.com/sa/en/p/blames-highchair-with-tray-black-50165079/,No,        Highchair with tray,Tina Christensen,53,93,52
30425988,KALLVIKEN,TV & media furniture,95,No old price,TRUE,https://www.ikea.com/sa/en/p/kallviken-drawer-front-dark-grey-concrete-effect-30425988/,No,"        Drawer front,          60x26 cm",IKEA of Sweden,,26,60
80116600,LIATORP,TV & media furniture,745,No old price,TRUE,https://www.ikea.com/sa/en/p/liatorp-tv-bench-white-80116600/,No,"        TV bench,          145x49x45 cm",Carina Bengs,49,45,145
99323925,STENSELE,Tables & desks,550,No old price,TRUE,https://www.ikea.com/sa/en/p/stensele-bar-table-anthracite-anthracite-s99323925/,No,"        Bar table,          70x70 cm",Maja Ganszyniec,,104,70
9278338,KALLAX,Bookcases & shelving units,1350,No old price,TRUE,https://www.ikea.com/sa/en/p/kallax-shelving-unit-with-10-inserts-white-s09278338/,Yes,"        Shelving unit with 10 inserts,          182x182 cm",Tord Björklund/IKEA of Sweden,39,182,182
99011764,MELLTORP / MARIUS,Tables & desks,149,SR 175,TRUE,https://www.ikea.com/sa/en/p/melltorp-marius-table-and-2-stools-white-black-s99011764/,No,"        Table and 2 stools,          75 cm",Ola Wihlborg/Lisa Norinder,,72,75
418376,LIDKULLEN,Chairs,350,No old price,TRUE,https://www.ikea.com/sa/en/p/lidkullen-active-sit-stand-support-gunnared-beige-00418376/,Yes,        Active sit/stand support,E Thomasson/P Süssmann,,,60
59297438,JONAXEL,Chests of drawers & drawer units,140,No old price,TRUE,https://www.ikea.com/sa/en/p/jonaxel-frame-with-wire-baskets-castors-s59297438/,No,"        Frame with wire baskets/castors,          25x51x73 cm",IKEA of Sweden,51,73,25
9288224,STENSELE,Tables & desks,550,No old price,TRUE,https://www.ikea.com/sa/en/p/stensele-bar-table-anthracite-anthracite-s09288224/,No,"        Bar table,          70 cm",Maja Ganszyniec,,105,
60384335,SAKARIAS,Chairs,95,No old price,TRUE,https://www.ikea.com/sa/en/p/sakarias-cover-for-chair-with-armrests-sporda-dark-grey-60384335/,No,        Cover for chair with armrests,IKEA of Sweden/E Strandmark,,,
217797,GUNDE,Chairs,30,No old price,TRUE,https://www.ikea.com/sa/en/p/gunde-folding-chair-black-00217797/,No,        Folding chair,K Hagberg/M Hagberg,45,78,41
50461230,SMÅGÖRA,Beds,595,No old price,TRUE,https://www.ikea.com/sa/en/p/smagoera-cot-white-50461230/,No,"        Cot,          60x120 cm",IKEA of Sweden,,79,66
20396646,HEMNES,Cabinets & cupboards,595,No old price,TRUE,https://www.ikea.com/sa/en/p/hemnes-high-cabinet-with-glass-door-white-20396646/,No,"        High cabinet with glass door,          42x38x131 cm",IKEA of Sweden,38,131,42
80339790,HACKÅS,Cabinets & cupboards,17,No old price,TRUE,https://www.ikea.com/sa/en/p/hackas-knob-anthracite-80339790/,No,"        Knob,          15 mm",J Löfgren/J Pettersson,18,,24
333278,BROR,Bookcases & shelving units,90,No old price,TRUE,https://www.ikea.com/sa/en/p/bror-post-black-00333278/,No,"        Post,          110 cm",IKEA of Sweden,4,110,
80278273,HILVER,Tables & desks,100,No old price,TRUE,https://www.ikea.com/sa/en/p/hilver-leg-cone-shaped-bamboo-80278273/,No,"        Leg cone-shaped,          70 cm",Chenyi Ke,,700,
9187809,ELVARLI,Wardrobes,3913,"SR 4,510",TRUE,https://www.ikea.com/sa/en/p/elvarli-3-sections-white-s09187809/,No,"        3 sections,          258x51x222-350 cm",Ehlén Johansson,50,,258
